40810204081 4 1
40810604082 4 4
40810e04084 5 11
40830e04088 1 12
40830e040a8 6 16
41830e040c8 7 16
41830e04128 7 16
41830e080a8 7 16
418316040a8 7 16
41850e040a8 7 16
42830e040a8 7 16
81830e040a8 3 16
40830e04118 6 16
41830e04218 7 16
41830e08118 7 16
41831604118 7 16
41850e04118 7 16
42830e04118 7 16
81830e04118 3 16
40830e08098 3 12
40830e180a8 5 14
40830e18118 2 15
40830e28098 5 14
40831618098 5 14
40850e18098 3 12
41030e18098 5 14
80830e18098 5 14
40831604098 6 16
41831608098 7 16
41832604098 7 16
41851604098 7 16
42831604098 7 16
81831604098 3 16
40850e04098 6 16
41850e08098 7 16
41890e04098 7 16
42850e04098 7 16
81850e04098 3 16
41030e04098 3 13
41030e0c0a8 2 16
41030e0c118 3 13
41030e14098 2 16
4103160c098 2 16
41050e0c098 2 16
42030e0c098 2 16
81030e0c098 2 16
80830e04098 3 16
80830e0c0a8 6 16
80830e0c118 6 16
80830e14098 6 16
8083160c098 6 16
80850e0c098 6 16
100830e0c098 6 16
40830e04104 6 17
41830e04108 7 17
41830e04204 7 17
41830e08104 7 17
41831604104 7 17
41850e04104 7 17
42830e04104 7 17
81830e04104 3 17
40830e08084 7 11
c0830e08088 6 17
c0830e08104 6 17
c0830e10084 6 17
c0831608084 6 17
c0850e08084 6 17
c1030e08084 5 11
c1070e08088 1 11
c1070e08104 6 15
c1070e10084 7 12
c1071608084 6 15
c10b0e08084 6 15
c2070e08084 5 11
141070e08084 6 12
140830e08084 6 17
40831604084 6 17
41831604088 7 17
41831608084 7 17
41832604084 7 17
41851604084 7 17
42831604084 7 17
81831604084 3 17
40850e04084 6 17
41850e04088 7 17
41850e08084 7 17
41890e04084 7 17
42850e04084 7 17
81850e04084 3 17
41030e04084 2 12
41030e04188 3 17
41030e04284 3 17
41030e08184 3 12
41030e18188 1 12
41030e18284 4 13
41030e28184 5 15
41031618184 5 15
41050e18184 4 12
42030e18184 2 12
81030e18184 5 15
41031604184 3 17
41050e04184 3 17
42030e04184 3 17
81030e04184 3 17
80830e04084 3 17
80830e0c088 6 17
80830e0c104 6 17
80830e14084 6 17
8083160c084 6 17
80850e0c084 6 17
81030e0c084 2 17
100830e0c084 6 17
40810e04102 5 7
40830e04202 6 17
41830e04402 7 17
41830e08202 7 17
41831604202 7 17
41850e04202 7 17
42830e04202 7 17
81830e04202 3 17
40830e08102 3 13
40830e18104 7 15
c0830e18108 6 16
c0830e18204 6 16
c0830e28104 6 16
c0831618104 6 16
c0850e18104 6 16
c1030e18104 5 15
140830e18104 6 16
40830e18202 5 13
40870e18204 7 15
40870e18402 2 14
40870e28202 7 15
40871618202 7 15
408b0e18202 7 15
41070e18202 6 16
80870e18202 5 13
40830e28102 2 16
40830e28304 5 16
40830e28502 1 16
40830e48302 1 16
40831628302 1 16
40850e28302 1 16
41030e28302 1 16
80830e28302 1 16
40831618102 2 16
40831618304 5 16
40831618502 1 16
40832618302 1 16
40851618302 1 16
41031618302 1 16
80831618302 1 16
40850e18102 1 13
40850e1810a 2 16
40850e18206 4 13
40850e28106 2 16
40851618106 2 16
40890e18106 2 16
41050e18106 2 16
80850e18106 2 16
41030e18102 2 16
41030e18304 5 16
41030e18502 1 16
41050e18302 1 16
42030e18302 1 16
81030e18302 1 16
80830e18102 2 16
80830e18304 5 16
80830e18502 1 16
80850e18302 1 16
100830e18302 1 16
40831604102 6 17
41831608102 7 17
41832604102 7 17
41851604102 7 17
42831604102 7 17
81831604102 3 17
40850e04102 6 17
41850e08102 7 17
41890e04102 7 17
42850e04102 7 17
81850e04102 3 17
41030e04102 4 7
41031e04104 4 17
41031e04202 4 17
41031e08102 4 17
41032e04102 5 7
41072e04104 3 11
41072e04202 5 12
41072e08102 3 15
41074e04102 3 12
410b2e04102 6 7
42072e04102 5 12
81072e04102 7 13
41051e04102 4 17
42031e04102 4 17
81031e04102 4 17
80830e04102 5 13
80870e04104 6 15
81870e04108 3 16
81870e04204 3 16
81870e08104 6 15
81871604104 3 16
818b0e04104 3 16
82870e04104 3 16
101870e04104 3 16
80870e04202 6 15
81870e04402 3 16
81870e08202 6 15
81871604202 3 16
818b0e04202 3 16
82870e04202 3 16
101870e04202 3 16
80870e08102 2 13
80870e08304 3 16
80870e08502 3 16
80870e10302 5 13
80871608302 3 16
808b0e08302 3 16
81070e08302 3 16
100870e08302 3 16
80871604102 6 15
81871608102 6 15
81872604102 3 16
818b1604102 3 16
82871604102 3 16
101871604102 3 16
808b0e04102 6 15
818b0e08102 6 15
81930e04102 3 16
828b0e04102 3 16
1018b0e04102 3 16
81070e04102 7 13
181070e04104 6 16
181070e04202 6 16
181070e08102 6 16
181071604102 6 16
1810b0e04102 6 16
182070e04102 5 13
281070e04102 6 16
100870e04102 6 15
101870e08102 3 15
102870e04102 3 16
201870e04102 3 16
40810e08082 4 5
40811e08084 4 18
40811e08102 4 18
40811e10082 4 18
40812e08082 7 5
c0812e08084 6 11
c1812e08088 5 16
c1812e08104 5 16
c1812e10084 5 16
c1814e08084 5 16
c1822e08084 5 11
c2812e08084 5 16
141812e08084 5 16
c0812e08102 6 12
c1812e08202 5 16
c1812e10102 5 16
c1814e08102 5 16
c1822e08102 5 12
c2812e08102 5 16
141812e08102 5 16
c0812e10082 3 5
c0812e30084 6 12
c0812e30102 6 12
c0812e50082 5 5
c0814e30082 6 12
c0822e30082 3 5
c1012e30082 7 5
140812e30082 5 9
c0814e08082 6 12
c1814e10082 5 16
c1818e08082 5 16
c1824e08082 5 12
c2814e08082 5 16
141814e08082 5 16
c0822e08082 5 6
c0862e08084 3 12
c0862e08102 6 12
c0862e10082 7 6
c0864e08082 6 12
c08a2e08082 3 10
c1062e08082 6 15
140862e08082 3 12
c1012e08082 7 5
1c1012e08084 7 7
1c1012e08102 7 6
1c1012e10082 7 5
1c1014e08082 7 7
1c1022e08082 5 12
1c2012e08082 7 6
2c1012e08082 7 5
140812e08082 3 10
140812e18084 6 12
140812e18102 6 14
140812e28082 6 14
140814e18082 6 12
140822e18082 2 12
141012e18082 3 10
240812e18082 6 12
40821e08082 4 18
41011e08082 4 18
80811e08082 4 18
40811604082 4 4
40813604084 5 6
40833604088 1 13
408336040a8 6 15
40833604118 6 15
40833608098 7 13
40835604098 6 15
40853604098 6 15
41033604098 5 13
80833604098 3 15
40833604104 6 16
41833604108 7 16
41833604204 7 16
41833608104 7 16
41835604104 7 16
41853604104 7 16
42833604104 7 16
81833604104 3 16
40833608084 7 13
c0833608088 6 16
c0833608104 6 16
c0833610084 6 16
c0835608084 6 16
c0853608084 6 16
c1033608084 6 13
140833608084 6 16
40835604084 6 16
41835604088 7 16
41835608084 7 16
41839604084 7 16
41855604084 7 16
42835604084 7 16
81835604084 3 16
40853604084 6 16
41853604088 7 16
41853608084 7 16
41893604084 7 16
42853604084 7 16
81853604084 3 16
41033604084 5 6
41073604088 1 13
41073604104 5 14
41073608084 6 14
41075604084 2 14
410b3604084 2 14
42073604084 3 6
81073604084 6 14
80833604084 3 16
8083360c088 6 16
8083360c104 6 16
80833614084 6 16
8083560c084 6 16
8085360c084 6 16
8103360c084 2 16
10083360c084 6 16
40813604102 6 4
41813604104 5 16
41813604202 5 16
41833604402 7 16
41833608202 7 16
41835604202 7 16
41853604202 7 16
42833604202 7 16
81833604202 3 16
41813608102 7 14
c1813608104 5 16
c1813608202 5 16
c1813610102 5 16
c1815608102 5 16
c1823608102 6 14
c2813608102 5 16
141813608102 5 16
41815604102 5 16
41835608102 7 16
41839604102 7 16
41855604102 7 16
42835604102 7 16
81835604102 3 16
41823604102 6 4
43823604104 7 6
43823604202 7 6
43823608102 7 14
43825604102 7 6
43843604102 5 5
45823604102 6 6
83823604102 5 4
42813604102 5 16
42833608102 7 16
42853604102 7 16
44833604102 7 16
82833604102 3 16
81813604102 3 5
8181360c104 5 16
8181360c202 5 16
81813614102 5 16
8181560c102 5 16
8182360c102 3 5
8281360c102 5 16
10181360c102 5 16
40813608082 6 4
41813608084 7 13
c1813608088 5 16
c1813610084 5 16
c1815608084 5 16
c1823608084 6 13
c2813608084 5 16
141813608084 5 16
41813610082 6 4
43813610084 7 14
43813610102 7 14
43813620082 3 5
43815610082 7 14
43823610082 6 4
45813610082 7 14
83813610082 4 4
41815608082 7 14
c1815610082 5 16
c1819608082 5 16
c1825608082 6 14
c2815608082 5 16
141815608082 5 16
41823608082 3 5
41823618084 1 6
41823618102 2 15
41823628082 6 9
41825618082 6 6
41843618082 5 5
42823618082 4 5
81823618082 5 7
42813608082 4 4
42817608084 7 4
42817608102 3 6
42817610082 6 4
4281b608082 7 5
42827608082 3 5
44817608082 3 4
82817608082 3 5
81813608082 3 5
81813618084 3 5
81813618102 2 6
81813628082 1 6
81815618082 6 5
82813618082 4 5
101813618082 1 6
40815604082 5 4
40835604102 6 16
40835608082 7 14
c0835608102 6 16
c0835610082 6 16
c0839608082 6 16
c0855608082 6 16
c1035608082 6 14
140835608082 6 16
40839604082 6 16
41839608082 7 16
41859604082 7 16
42839604082 7 16
81839604082 3 16
40855604082 6 16
41855608082 7 16
41895604082 7 16
42855604082 7 16
81855604082 3 16
41035604082 2 4
41035604184 3 16
41035604282 3 16
41035608182 5 4
41039604182 3 16
41055604182 3 16
42035604182 3 16
81035604182 3 16
80835604082 3 16
8083560c102 6 16
80835614082 6 16
8083960c082 6 16
8085560c082 6 16
8103560c082 2 16
10083560c082 6 16
40823604082 4 4
40827604084 1 4
40827604094 7 4
4082760410c 1 4
4082760808c 3 6
4082b60408c 7 4
4084760408c 5 4
4102760408c 6 5
8082760408c 5 5
40827604102 1 4
4082760410a 7 4
40827604206 2 4
40827608106 3 8
4082b604106 7 4
40847604106 5 4
41027604106 6 6
80827604106 5 5
40827608082 3 6
40827618084 5 7
40827618102 2 15
40827628082 3 7
4082b618082 5 8
40847618082 1 6
41027618082 5 8
80827618082 5 8
4082b604082 7 4
c082b604084 5 5
c082b604102 7 5
c082b608082 3 6
c084b604082 5 4
c102b604082 7 7
14082b604082 7 4
40847604082 5 4
408c7604084 5 6
408c7604102 5 6
408c7608082 3 6
408cb604082 5 6
40947604082 5 4
410c7604082 5 6
808c7604082 5 6
41027604082 6 5
43027604084 7 6
43027604102 7 6
43027608082 7 14
4302b604082 7 6
43047604082 5 5
45027604082 6 6
83027604082 5 8
80827604082 5 5
80867604084 7 7
80867604102 7 7
80867608082 3 8
8086b604082 7 7
808a7604082 7 6
81067604082 7 9
100867604082 3 5
41013604082 6 4
43013604084 7 6
c3013604088 1 6
c3013604104 7 13
c3013608084 7 13
c3015604084 7 13
c3023604084 7 15
c5013604084 7 13
143013604084 6 6
43013604102 7 6
c3013604202 7 13
c3013608102 7 14
c3015604102 7 14
c3023604102 7 15
c5013604102 7 14
143013604102 6 6
43013608082 7 13
c3013610082 7 13
c3015608082 7 14
c3023608082 7 15
c5013608082 7 14
143013608082 3 14
43015604082 7 6
c3019604082 7 14
c3025604082 7 15
c5015604082 7 14
143015604082 6 6
43023604082 7 6
c3043604082 5 16
c5023604082 7 15
143023604082 6 6
45013604082 5 7
45033604084 2 13
45033604102 6 7
45033608082 7 14
45035604082 5 14
45053604082 3 14
49033604082 2 13
85033604082 2 14
83013604082 6 4
87013604084 6 11
87013604102 6 11
87013608082 6 4
87015604082 6 12
87023604082 6 13
8b013604082 2 4
107013604082 6 5
80813604082 4 5
80817604084 3 5
8081760c088 1 7
8081760c104 6 7
80817614084 5 15
8081b60c084 5 15
8082760c084 5 5
8101760c084 3 7
10081760c084 5 15
80817604102 6 5
81817604104 3 7
81817604202 6 5
81817608102 3 6
8181b604102 3 9
81827604102 5 5
82817604102 3 6
101817604102 3 6
80817608082 3 5
80817618084 3 5
80817618102 1 9
80817628082 1 6
8081b618082 1 7
81017618082 1 7
100817618082 1 7
8081b604082 3 6
8081b60c102 6 9
8081b614082 5 15
8082b60c082 3 6
8101b60c082 3 8
10081b60c082 5 15
81017604082 2 5
81017604184 3 6
81017604282 3 6
81017608182 3 5
8101b604182 5 9
81027604182 5 6
82017604182 6 5
101017604182 5 7
100817604082 3 5
10081760c102 3 7
100817614082 5 15
10082760c082 5 5
10101760c082 3 7
20081760c082 7 7
40820e04082 4 5
40821e04084 4 18
40821e04102 4 18
40822e04082 1 5
40822e0408a 7 5
c0822e04092 7 5
c0822e0410a 7 5
c0822e0808a 3 9
c0824e0408a 7 5
c0842e0408a 5 7
c1022e0408a 7 5
140822e0408a 7 5
40822e04106 1 5
40822e04116 1 5
40822e0420e 1 13
40822e0810e 1 14
40824e0410e 6 8
40842e0410e 1 10
41022e0410e 6 8
80822e0410e 1 6
40822e08086 3 9
40822e1808a 3 13
40822e18106 2 16
40822e28086 5 9
40824e18086 3 13
40842e18086 3 13
41022e18086 3 13
80822e18086 3 13
40824e04086 1 6
40824e04096 6 6
40824e0808e 3 8
40828e0408e 2 8
40844e0408e 1 7
41024e0408e 6 8
80824e0408e 7 8
40842e04086 5 6
408c2e0408a 5 10
408c2e04106 2 10
408c2e08086 3 13
408c4e04086 5 9
40942e04086 3 6
410c2e04086 5 11
808c2e04086 5 9
41022e04086 6 6
43022e0408a 1 6
43022e04106 1 8
43022e08086 3 12
43024e04086 1 8
43042e04086 5 6
45022e04086 6 6
83022e04086 5 12
80822e04086 7 5
180822e0408a 7 5
180822e04106 1 5
180822e08086 3 10
180824e04086 1 8
180842e04086 5 6
181022e04086 7 11
280822e04086 7 6
40841e04082 4 18
41021e04082 4 18
80821e04082 4 18
41010e04082 4 6
41011e04084 4 18
41011e04102 4 18
41012e04082 3 6
41012e0c084 5 11
41032e0c088 2 16
41032e0c104 5 11
41032e14084 2 16
41034e0c084 2 16
41052e0c084 2 16
42032e0c084 2 16
81032e0c084 2 16
41012e0c102 3 6
41012e1c104 3 12
41012e1c202 3 13
41012e2c102 2 6
41014e1c102 1 13
41022e1c102 2 15
42012e1c102 1 13
81012e1c102 1 13
41012e14082 3 6
41012e34084 5 13
41012e34102 3 8
41012e54082 1 6
41014e34082 5 10
41022e34082 3 7
42012e34082 5 10
81012e34082 5 10
41014e0c082 3 13
41014e1c084 2 14
41014e2c082 5 14
41018e1c082 2 14
41024e1c082 6 13
42014e1c082 2 14
81014e1c082 2 14
41022e0c082 3 10
41022e1c084 6 13
41022e2c082 5 10
41042e1c082 3 13
42022e1c082 2 12
81022e1c082 6 13
42012e0c082 2 12
42012e0c184 5 16
42012e0c282 5 16
42012e14182 5 16
42014e0c182 5 16
42022e0c182 3 12
44012e0c182 5 16
82012e0c182 5 16
81012e0c082 3 13
81012e1c084 2 14
81012e2c082 5 14
82012e1c082 2 14
101012e1c082 2 14
42011e04082 4 18
81011e04082 4 18
80810e04082 3 10
80810e0c084 5 17
80810e0c102 3 13
80810e1c104 6 15
81810e1c108 5 16
81810e1c204 5 16
81810e2c104 5 16
8181161c104 5 16
81820e1c104 5 15
82810e1c104 5 16
101810e1c104 5 16
80810e1c202 3 13
80810e3c204 3 16
80810e3c402 3 16
80810e5c202 2 13
8081163c202 3 16
80820e3c202 3 16
81010e3c202 3 16
100810e3c202 3 16
80810e2c102 6 15
81810e2c202 5 16
81810e4c102 5 16
8181162c102 5 16
81820e2c102 2 15
82810e2c102 5 16
101810e2c102 5 16
8081161c102 6 15
8181161c202 5 16
8181261c102 5 16
8182161c102 2 15
8281161c102 5 16
10181161c102 5 16
80820e1c102 2 16
80820e1c304 5 16
80820e1c502 1 16
80820e2c302 1 16
8082161c302 1 16
80840e1c302 1 16
81020e1c302 1 16
100820e1c302 1 16
81010e1c102 1 13
81010e1c10a 2 16
81010e1c206 3 13
81010e2c106 2 16
8101161c106 2 16
81020e1c106 2 16
82010e1c106 2 16
101010e1c106 2 16
100810e1c102 6 15
101810e1c202 5 16
101820e1c102 2 15
102810e1c102 5 16
201810e1c102 5 16
80810e14082 5 17
80830e14102 6 17
80830e24082 6 17
80831614082 6 17
80850e14082 6 17
81030e14082 2 17
100830e14082 6 17
8081160c082 5 17
8083160c102 6 17
8083260c082 6 17
8085160c082 6 17
8103160c082 2 17
10083160c082 6 17
80820e0c082 4 10
80821e0c084 4 17
80821e0c102 4 17
80821e14082 4 17
80822e0c082 3 10
80822e1c084 3 12
80822e1c102 2 15
80822e2c082 5 10
80824e1c082 2 12
80842e1c082 3 12
100822e1c082 3 12
80841e0c082 4 17
81021e0c082 4 17
100821e0c082 4 17
81010e0c082 3 13
81010e1c084 2 15
81010e1c188 5 16
81010e1c284 5 16
81010e2c184 5 16
8101161c184 5 16
81020e1c184 5 15
82010e1c184 5 16
101010e1c184 5 16
81010e2c082 2 15
81010e2c282 5 16
81010e4c182 5 16
8101162c182 5 16
81020e2c182 2 15
82010e2c182 5 16
101010e2c182 5 16
8101161c082 2 15
8101161c282 5 16
8101261c182 5 16
8102161c182 2 15
8201161c182 5 16
10101161c182 5 16
81020e1c082 6 13
83020e1c084 5 16
83020e1c102 5 16
83020e2c082 5 16
8302161c082 5 16
83040e1c082 3 13
85020e1c082 5 16
103020e1c082 5 16
82010e1c082 2 15
82010e1c282 5 16
82020e1c182 2 15
84010e1c182 5 16
102010e1c182 5 16
101010e1c082 2 15
101010e1c282 5 16
101020e1c182 2 15
201010e1c182 5 16
100810e0c082 5 17
100830e0c102 6 17
100850e0c082 6 17
101030e0c082 2 17
200830e0c082 6 17
40810604101 6 2
41810604102 5 18
41830604104 7 18
41830604202 7 18
41830608102 7 18
41830a04102 7 18
41850604102 7 18
42830604102 7 18
81830604102 3 18
41810604201 5 18
41830604401 7 18
41830608201 7 18
41830a04201 7 18
41850604201 7 18
42830604201 7 18
81830604201 3 18
41810608101 4 4
41810e08102 7 12
c1810e08104 5 17
c1810e08202 5 17
c1810e10102 5 17
c1811608102 5 17
c1820e08102 5 12
c1860e08104 6 15
c1860e08202 6 15
c1860e10102 6 12
c1861608102 6 15
c18a0e08102 6 15
c2860e08102 2 12
141860e08102 3 15
c2810e08102 5 17
141810e08102 5 17
41810e08201 5 12
41830e08401 7 17
41830e10201 7 17
41831608201 7 17
41850e08201 7 17
42830e08201 7 17
81830e08201 5 12
81870e08401 2 13
81870e10201 5 13
81871608201 6 15
818b0e08201 6 15
82870e08201 5 12
101870e08201 7 12
41810e10101 5 6
41830e10102 7 17
41830e20101 7 17
41831610101 7 17
41850e10101 7 17
42830e10101 7 17
81830e10101 4 6
81831e10102 4 16
81831e10201 4 16
81831e20101 4 16
81832e10101 5 6
81851e10101 4 16
82831e10101 4 16
101831e10101 4 16
41811608101 3 4
41811618102 7 15
c1811618104 5 16
c1811618202 5 16
c1811628102 5 16
c1812618102 5 16
c1821618102 2 15
c2811618102 5 16
141811618102 5 16
41811618201 6 4
43811618202 7 15
43811618401 2 14
43811628201 7 15
43812618201 7 15
43821618201 5 16
45811618201 7 15
83811618201 4 4
41811628101 7 15
c1811628201 5 16
c1811648101 5 16
c1812628101 5 16
c1821628101 5 15
c2811628101 5 16
141811628101 5 16
41812618101 7 15
c1812618201 5 16
c1814618101 5 16
c1822618101 5 15
c2812618101 5 16
141812618101 5 16
41821618101 5 16
41861618102 6 16
41861618201 6 16
41861628101 6 16
41862618101 6 16
418a1618101 6 16
42861618101 2 16
81861618101 6 16
42811618101 2 4
42811618302 1 16
42811618501 7 15
42811628301 7 15
42812618301 7 15
42821618301 5 16
44811618301 7 15
82811618301 1 4
81811618101 4 4
81813618201 3 5
81813628101 4 4
81815618101 3 6
81823618101 5 15
82813618101 3 5
101813618101 3 6
41820e08101 5 8
41860e08102 3 16
41860e18104 6 16
41860e18202 6 16
41860e28102 6 16
418a0e18102 6 16
42860e18102 2 16
81860e18102 6 16
41860e08201 6 13
43860e08202 3 16
43860e08401 3 16
43860e10201 6 13
43861608201 3 16
438a0e08201 3 16
45860e08201 3 16
83860e08201 7 16
41860e10101 4 8
41861e10102 4 16
41861e10201 4 16
41861e20101 3 16
41862e10101 5 8
418a1e10101 4 16
42861e10101 4 16
81861e10101 4 16
41861608101 3 16
418a0e08101 3 16
418a0e18201 6 16
418a0e28101 6 16
41920e18101 6 16
428a0e18101 2 16
818a0e18101 6 16
42860e08101 2 13
42860e08302 3 16
42860e08501 3 16
42860e10301 4 13
42861608301 3 16
428a0e08301 3 16
44860e08301 3 16
82860e08301 3 16
81860e08101 6 16
83860e08102 7 16
83860e10101 7 16
83861608101 7 16
838a0e08101 7 16
85860e08101 7 16
103860e08101 3 16
42810e08101 4 11
42811e08102 4 17
42811e08201 4 17
42811e10101 4 17
42812e08101 3 11
42812e18102 7 14
42812e18201 3 12
42812e28101 7 14
42814e18101 7 12
42822e18101 5 13
44812e18101 2 11
82812e18101 3 11
42821e08101 4 17
44811e08101 4 17
82811e08101 4 17
81810e08101 4 5
81811e08102 4 17
81811e08201 4 17
81811e10101 4 17
81812e08101 6 5
83812e08102 7 5
83812e08201 7 5
83812e10101 6 11
83814e08101 7 6
83822e08101 5 15
85812e08101 7 5
103812e08101 6 11
81821e08101 4 17
101811e08101 4 17
41810a04101 5 18
41830a08101 7 18
41831204101 7 18
41850a04101 7 18
42830a04101 7 18
81830a04101 3 18
41820604101 6 2
43820604102 4 4
43820e04104 6 6
47820e04108 6 16
47820e04204 6 16
47820e08104 6 16
47821604104 6 16
47840e04104 6 16
4b820e04104 4 6
87820e04104 6 16
43820e04202 6 5
47820e04402 6 16
47820e08202 6 16
47821604202 6 16
47840e04202 6 16
4b820e04202 4 5
87820e04202 6 16
43820e08102 6 13
47820e10102 6 16
47821608102 6 16
47840e08102 6 16
4b820e08102 5 13
87820e08102 6 16
43821604102 4 4
43840e04102 5 5
438c0e04104 6 9
438c0e04202 6 9
438c0e08102 6 11
438c1604102 4 5
43940e04102 6 5
458c0e04102 6 5
838c0e04102 6 11
45820e04102 6 5
4d820e04104 3 6
4d820e04202 2 5
4d820e08102 5 6
4d821604102 4 6
4d840e04102 5 5
55820e04102 3 6
8d820e04102 3 14
83820e04102 6 13
87821604102 6 16
87840e04102 6 16
8b820e04102 5 13
107820e04102 6 16
43820604201 4 4
43820e04401 2 4
43820e04c02 6 5
43820e05401 6 5
43820e08c01 6 12
43821604c01 6 5
43840e04c01 5 4
45820e04c01 5 5
83820e04c01 6 12
43820e08201 6 13
47820e08401 6 16
47820e10201 6 16
47821608201 6 16
47840e08201 6 16
4b820e08201 5 13
87820e08201 6 16
43821604201 4 4
43823604401 2 4
43823608201 5 14
43825604201 7 6
43843604201 5 4
45823604201 6 5
83823604201 5 4
43840e04201 5 4
438c0e04401 2 4
438c0e08201 6 10
438c1604201 5 4
43940e04201 6 4
458c0e04201 6 5
838c0e04201 6 10
45820e04201 5 5
45860e04202 3 12
45860e04401 2 5
45861604201 7 13
458a0e04201 4 6
49860e04201 5 7
85860e04201 7 16
83820e04201 6 13
87820e04401 6 16
87821604201 6 16
87840e04201 6 16
8b820e04201 5 13
107820e04201 6 16
43820608101 6 4
47820608102 6 17
47820608201 6 17
47820610101 6 17
47820a08101 6 17
47840608101 6 17
4b820608101 5 4
4b860608102 4 13
4b860608201 4 13
4b860610101 7 4
4b860a08101 5 8
4b8a0608101 4 5
53860608101 4 13
8b860608101 4 15
87820608101 6 17
43820a04101 6 2
47820a04102 6 17
47820a04201 6 17
47821204101 6 17
47840a04101 6 17
4b820a04101 4 2
4b821a04102 4 5
4b821a04201 4 4
4b821a08101 4 4
4b822a04101 2 2
4b841a04101 5 4
53821a04101 4 4
8b821a04101 3 4
87820a04101 6 17
43840604101 6 3
47840604102 6 17
47840604201 6 17
47880604101 6 17
4b840604101 5 3
4b8c0604102 7 5
4b8c0604201 7 4
4b8c0608101 3 5
4b8c0a04101 5 5
4b940604101 7 3
538c0604101 7 5
8b8c0604101 5 3
87840604101 6 17
45820604101 4 2
45820e08101 5 6
45860e08102 3 16
45860e10101 5 6
45861608101 3 16
458a0e08101 3 16
49860e08101 3 16
45821604101 4 5
45823608101 7 14
45825604101 6 6
45843604101 5 10
49823604101 7 5
85823604101 6 5
45840e04101 5 2
458c0e08101 3 5
458c1604101 6 10
45940e04101 6 4
498c0e04101 5 2
858c0e04101 6 5
49820e04101 4 5
49821e04102 4 16
49821e04201 4 16
49821e08101 4 16
49822e04101 5 5
49841e04101 4 16
51821e04101 4 16
89821e04101 4 16
85820e04101 6 4
8d820e04201 5 14
8d820e08101 5 15
8d821604101 3 14
8d840e04101 5 5
95820e04101 3 14
10d820e04101 7 4
83820604101 6 3
87820604102 6 17
87820604201 6 17
8b820604101 5 3
8b860604102 4 13
8b860604201 4 13
8b860a04101 5 3
8b8a0604101 4 4
93860604101 4 13
10b860604101 5 5
107820604101 6 17
42810604101 5 18
42830608101 7 18
42850604101 7 18
44830604101 7 18
82830604101 3 18
81810604101 4 4
81810e04102 3 12
81810e0c104 5 17
81810e0c202 5 17
81810e14102 5 17
8181160c102 5 17
81820e0c102 3 12
81820e1c202 6 12
81840e1c102 1 12
82820e1c102 2 15
82810e0c102 5 17
101810e0c102 5 17
81810e04201 5 12
81830e04401 3 17
81831604201 3 17
81850e04201 3 17
82830e04201 3 17
101830e04201 3 17
81811604101 4 4
81813604201 6 4
83813604202 3 14
83813604401 2 4
83813608201 7 4
83815604201 3 14
85813604201 3 14
103813604201 3 4
81813608101 3 4
81815604101 2 6
81815604302 3 14
81815604501 1 13
81815608301 1 6
81819604301 1 13
81825604301 1 12
82815604301 1 13
101815604301 3 13
81823604101 4 4
81827604201 2 4
81827608101 3 5
8182b604101 5 5
81847604101 7 4
82827604101 6 4
101827604101 7 4
82813604101 2 6
82813604302 3 14
82813604501 1 13
82813608301 1 6
82823604301 1 12
84813604301 3 13
102813604301 3 13
101813604101 2 6
101813604302 3 14
101813604501 3 13
101813608301 1 6
101823604301 1 10
201813604301 7 6
81820e04101 4 4
81821e04102 4 17
81821e04201 4 17
81822e04101 7 4
181822e04102 5 11
181822e04201 6 8
181822e08101 5 12
181824e04101 5 11
181842e04101 5 4
182822e04101 2 4
281822e04101 5 11
81841e04101 4 17
82821e04101 4 17
101821e04101 4 17
82810e04101 3 10
82810e0c201 5 17
82810e14101 5 17
8281160c101 5 17
82820e0c101 3 10
82820e1c201 3 10
82820e2c101 5 14
8282161c101 2 13
82840e1c101 3 13
84820e1c101 2 12
102820e1c101 2 12
84810e0c101 5 17
102810e0c101 5 17
101810e04101 3 12
101810e0c201 5 17
101810e14101 5 17
10181160c101 5 17
101820e0c101 5 12
101860e0c102 3 15
101860e0c201 6 12
101860e14101 4 12
10186160c101 3 15
1018a0e0c101 3 15
102860e0c101 4 13
201860e0c101 7 12
201810e0c101 5 17
40810608081 6 2
41810608082 7 4
c1810608084 5 18
c1810608102 5 18
c1810610082 5 18
c1810a08082 5 18
c1820608082 3 4
c1820618084 5 6
c1860618088 1 6
c1860618104 4 15
c1860628084 4 14
c1860a18084 4 6
c18a0618084 4 13
c2860618084 6 6
141860618084 6 11
c1820618102 4 5
c1820e18104 5 15
c1820e18202 5 12
c1820e28102 2 15
c1840e18102 5 5
c2820e18102 2 15
141820e18102 2 15
c1820628082 5 6
c1860628102 4 15
c1860648082 6 10
c1860a28082 4 10
c18a0628082 4 14
c2860628082 6 6
141860628082 4 14
c1820a18082 4 4
c1821a18084 4 7
c1821a18102 4 6
c1821a28082 5 10
c1822a18082 5 4
c1841a18082 4 5
c2821a18082 5 6
141821a18082 2 6
c1840618082 5 4
c18c0618084 6 5
c18c0618102 4 5
c18c0628082 4 5
c18c0a18082 6 4
c1940618082 4 5
c28c0618082 7 4
1418c0618082 6 5
c2820618082 7 4
1c2820618084 7 4
1c2820618102 7 4
1c2820628082 5 4
1c2820a18082 4 4
1c2840618082 7 4
1c4820618082 7 4
2c2820618082 6 4
141820618082 5 6
141860618102 4 15
141860a18082 4 6
1418a0618082 4 13
142860618082 6 6
241860618082 6 14
c2810608082 5 18
141810608082 5 18
41810610081 7 2
c1810610101 5 18
c1810620081 5 18
c1810a10081 5 18
c1820610081 6 2
c3820610082 6 4
c7820610084 6 16
c7820610102 6 16
c7820620082 6 16
c7820a10082 6 16
c7840610082 6 16
cb820610082 7 4
147820610082 6 16
c3820610101 6 4
c7820610201 6 16
c7820620101 6 16
c7820a10101 6 16
c7840610101 6 16
cb820610101 5 4
147820610101 6 16
c3820620081 3 2
c3820660082 5 13
c3820660101 6 4
c38206a0081 5 13
c3820a60081 6 3
c3840660081 6 2
c5820660081 5 13
143820660081 7 2
c3820a10081 6 3
c7820a20081 6 16
c7821210081 6 16
c7840a10081 6 16
cb820a10081 3 3
147820a10081 6 16
c3840610081 6 2
c7840620081 6 16
c7880610081 6 16
cb840610081 5 2
147840610081 6 16
c5820610081 5 2
c5860610082 5 4
c5860610101 7 3
c5860620081 3 13
c5860a10081 5 3
c58a0610081 4 2
c9860610081 4 2
145860610081 5 3
143820610081 6 3
147820620081 6 16
14b820610081 3 3
247820610081 6 16
c2810610081 5 18
141810610081 5 18
41810a08081 4 2
41811a08082 7 4
c1811a08084 5 17
c1811a08102 5 17
c1811a10082 5 17
c1812a08082 5 17
c1821a08082 3 4
c2811a08082 5 17
141811a08082 5 17
41811a08101 4 4
41813a08102 7 6
c1813a08104 5 16
c1813a08202 5 16
c1813a10102 5 16
c1815a08102 5 16
c1823a08102 3 6
c2813a08102 5 16
141813a08102 5 16
41813a08201 7 4
c1813a08401 5 16
c1813a10201 5 16
c1815a08201 5 16
c1823a08201 3 4
c2813a08201 5 16
141813a08201 5 16
41813a10101 7 5
c1813a20101 5 16
c1815a10101 5 16
c1823a10101 5 5
c2813a10101 5 16
141813a10101 5 16
41815a08101 7 6
c1819a08101 5 16
c1825a08101 5 6
c2815a08101 5 16
141815a08101 5 16
41823a08101 3 6
41823a18102 7 6
41823a18201 2 6
41823a28101 3 11
41825a18101 3 12
41843a18101 3 11
42823a18101 3 12
81823a18101 3 11
42813a08101 3 6
42813a18102 7 6
42813a18201 2 9
42813a28101 5 10
42815a18101 3 12
44813a18101 3 11
82813a18101 3 9
81813a08101 2 4
81813a08302 6 4
81813a08501 1 4
81813a10301 3 11
81815a08301 1 5
81823a08301 5 10
82813a08301 7 4
101813a08301 2 5
41811a10081 6 4
43811a10082 7 5
c3811a10084 5 16
c3811a10102 5 16
c3811a20082 5 16
c3812a10082 5 16
c3821a10082 6 5
c5811a10082 5 16
143811a10082 5 16
43811a10101 6 4
47811a10102 6 16
47811a10201 6 16
47811a20101 6 16
47812a10101 6 16
47821a10101 6 16
4b811a10101 2 4
87811a10101 6 16
43811a20081 3 5
43811a60082 7 15
43811a60101 7 15
43811aa0081 7 15
43812a60081 7 15
43821a60081 5 16
45811a60081 7 15
83811a60081 6 5
43812a10081 6 4
47812a10082 6 16
47812a20081 6 16
47814a10081 6 16
47822a10081 6 16
4b812a10081 4 4
87812a10081 6 16
43821a10081 6 5
47821a10082 6 16
47821a20081 6 16
47841a10081 6 16
4b821a10081 4 5
87821a10081 6 16
45811a10081 7 4
c5811a10101 5 16
c5811a20081 5 16
c5812a10081 5 16
c5821a10081 4 4
c9811a10081 5 16
145811a10081 5 16
83811a10081 6 4
87811a10082 6 16
87811a20081 6 16
8b811a10081 4 4
107811a10081 6 16
41812a08081 7 2
c1812a08101 5 17
c1812a10081 5 17
c1814a08081 5 17
c1822a08081 5 2
c1862a08082 3 4
c1862a08101 5 3
c1862a10081 5 4
c1864a08081 3 4
c18a2a08081 3 2
c2862a08081 5 4
141862a08081 7 4
c2812a08081 5 17
141812a08081 5 17
41821a08081 5 4
41861a08082 3 6
41861a18084 3 11
41861a18102 6 6
41861a28082 3 16
41862a18082 2 6
418a1a18082 5 6
42861a18082 5 14
81861a18082 5 12
41861a08101 4 6
41863a08102 5 12
41863a08201 5 11
41863a10101 3 13
41865a08101 5 12
418a3a08101 3 6
42863a08101 3 7
81863a08101 3 11
41861a10081 5 4
418e1a10082 6 13
418e1a10101 6 13
418e1a20081 3 16
418e2a10081 7 4
41961a10081 6 13
428e1a10081 6 15
818e1a10081 6 13
41862a08081 3 4
41862a18101 6 4
41862a28081 3 16
41864a18081 2 6
418a2a18081 5 4
42862a18081 5 14
81862a18081 2 6
418a1a08081 3 4
418a1a18101 4 6
418a1a28081 3 16
41921a18081 4 4
428a1a18081 3 9
818a1a18081 3 9
42861a08081 3 6
42861a18101 4 7
42861a28081 3 16
44861a18081 6 6
82861a18081 5 14
81861a08081 4 7
81863a08082 5 11
81863a10081 5 13
81865a08081 3 11
818a3a08081 3 7
82863a08081 5 11
101863a08081 3 11
42811a08081 7 3
c2811a08101 5 17
c2811a10081 5 17
c2821a08081 5 3
c2861a08082 3 6
c2861a08101 6 5
c2861a10081 5 4
c28a1a08081 3 3
c4861a08081 5 4
142861a08081 3 6
c4811a08081 5 17
142811a08081 5 17
81811a08081 6 3
83811a08082 6 4
87811a08084 6 16
87811a08102 6 16
87812a08082 6 16
87821a08082 6 16
8b811a08082 4 4
107811a08082 6 16
83811a08101 6 4
87811a08201 6 16
87812a08101 6 16
87821a08101 6 16
8b811a08101 3 4
107811a08101 6 16
83812a08081 6 3
87814a08081 6 16
87822a08081 6 16
8b812a08081 7 3
107812a08081 6 16
83821a08081 6 4
87841a08081 6 16
8b821a08081 3 4
107821a08081 6 16
85811a08081 4 3
85813a08082 6 3
85813a08101 6 3
85813a10081 4 4
85815a08081 3 3
85823a08081 3 8
89813a08081 4 3
105813a08081 1 5
103811a08081 1 4
103811a08085 6 5
103811a08103 1 4
103811a10083 6 6
103812a08083 6 4
103821a08083 6 5
105811a08083 4 5
203811a08083 7 4
41820608081 5 4
41860608082 3 6
41860618084 4 12
41860e18088 6 16
41860e28084 6 16
41861618084 6 16
418a0e18084 6 16
42860e18084 1 12
81860e18084 6 16
41860618102 4 16
41860628082 4 15
41860e48082 6 16
41861628082 6 16
418a0e28082 6 16
42860e28082 4 15
81860e28082 6 16
41860a18082 4 6
418a0618082 4 14
418a1618082 6 16
41920e18082 6 16
428a0e18082 2 14
818a0e18082 6 16
42860618082 5 6
428e0618084 5 8
428e0618102 2 13
428e0628082 5 8
428e0a18082 4 14
42960618082 6 6
448e0618082 5 8
828e0618082 5 8
81860618082 4 13
81861618082 6 16
82860e18082 4 13
101860e18082 6 16
41860608101 4 8
41860610081 5 4
418e0610082 6 7
438e0610084 6 11
438e0610102 6 12
438e0620082 3 13
438e0a10082 6 14
43960610082 6 12
458e0610082 5 7
838e0610082 7 13
418e0610101 5 7
419e0610102 5 16
419e0610201 5 16
419e0620101 5 16
419e0a10101 5 16
41ae0610101 6 7
429e0610101 5 16
819e0610101 5 16
418e0620081 3 4
418e0660082 6 13
418e0660101 5 12
418e06a0081 6 13
418e0a60081 4 16
41960660081 7 4
428e0660081 7 4
818e0660081 6 12
418e0a10081 6 4
438e0a10101 6 14
438e0a20081 3 14
438e1210081 5 10
43960a10081 6 14
458e0a10081 5 4
838e0a10081 6 14
41960610081 7 4
c1960610082 7 4
c1960610101 7 4
c1960620081 3 4
c1960a10081 4 4
c1a60610081 7 4
c2960610081 6 4
141960610081 2 4
428e0610081 6 4
468e0610082 6 8
468e0610101 6 8
468e0620081 3 4
468e0a10081 4 15
46960610081 6 9
4a8e0610081 7 4
868e0610081 6 11
818e0610081 5 6
819e0610082 5 16
819e0620081 5 16
819e0a10081 5 16
81ae0610081 4 6
829e0610081 5 16
1019e0610081 5 16
41860a08081 4 4
418a0608081 3 4
418a0618101 4 16
418a0628081 4 15
418a0e48081 6 16
418a1628081 6 16
41920e28081 6 16
428a0e28081 4 15
818a0e28081 6 16
418a0a18081 4 4
41920618081 4 4
41921618081 6 16
41a20e18081 6 16
42920e18081 4 4
81920e18081 6 16
428a0618081 3 4
428a0638082 7 4
428a0638101 2 14
428a0658081 5 4
428a0a38081 3 15
42920638081 2 4
448a0638081 6 4
828a0638081 2 4
818a0618081 6 4
838a0618082 4 16
838a0618101 4 16
838a0628081 4 16
838a0a18081 4 4
83920618081 4 16
858a0618081 4 16
1038a0618081 4 16
42860608081 3 4
42860618101 4 13
42860e18201 4 13
42860e28101 2 16
44860e18101 2 16
82860e18101 2 16
42860628081 6 6
46860628082 7 6
46860628101 4 14
46860648081 5 6
46860a28081 4 10
468a0628081 6 6
4a860628081 5 6
86860628081 6 7
42860a18081 4 6
44860618081 6 4
4c860618082 7 4
4c860618101 2 10
4c860628081 3 4
4c860a18081 4 6
4c8a0618081 7 4
54860618081 7 4
8c860618081 7 4
82860618081 5 6
828e0618101 2 13
828e0628081 5 7
828e0a18081 4 14
82960618081 6 6
848e0618081 5 9
1028e0618081 3 7
81860608081 4 13
81860e08082 6 16
83860e08084 7 16
83860e10082 7 16
83861608082 7 16
838a0e08082 7 16
85860e08082 7 16
103860e08082 3 16
81860e10081 6 13
83860e20081 7 16
83861610081 7 16
838a0e10081 7 16
85860e10081 7 16
103860e10081 6 13
81861608081 6 16
83862608081 7 16
838a1608081 7 16
85861608081 7 16
103861608081 3 16
818a0e08081 6 16
83920e08081 7 16
858a0e08081 7 16
1038a0e08081 3 16
82860e08081 4 13
82861e08082 4 16
82861e08101 4 16
82861e10081 4 16
82862e08081 5 13
828a1e08081 4 16
84861e08081 4 16
102861e08081 4 16
101860e08081 6 13
105860e08081 3 16
203860e08081 3 16
42810608081 7 2
c2810608101 5 18
c2810a08081 5 18
c2820608081 5 2
c2860608082 3 4
c2860618102 4 12
c2860a18082 4 6
c28a0618082 3 4
c4860618082 6 4
c2860608101 6 4
c6860608102 6 6
c6860608201 6 4
c6860610101 6 4
c6860a08101 4 5
c68a0608101 5 4
ca860608101 5 4
146860608101 6 6
c2860610081 6 3
c6860610082 6 4
c6860620081 3 4
c6860a10081 4 3
c68a0610081 6 3
ca860610081 5 4
146860610081 5 4
c2860a08081 4 3
c28a0608081 3 3
c28a0618101 6 3
c28a0628081 3 4
c28a0a18081 4 3
c2920618081 1 3
c48a0618081 6 4
1428a0618081 3 4
c4860608081 6 2
cc860608082 3 4
cc860608101 5 3
cc860610081 3 2
cc860a08081 4 3
cc8a0608081 3 4
d4860608081 3 4
14c860608081 3 4
142860608081 3 4
142860618101 4 12
142860628081 6 6
142860a18081 4 6
144860618081 6 4
242860618081 7 4
c4810608081 5 18
142810608081 5 18
81810608081 6 3
83810608082 4 4
83810e08084 6 5
87810e08088 6 16
87810e08104 6 16
87810e10084 6 16
87811608084 6 16
87820e08084 6 16
8b810e08084 4 5
107810e08084 6 16
83810e08102 1 5
83810e0810a 6 11
83810e08206 1 5
83810e10106 6 10
83811608106 3 5
83820e08106 3 15
85810e08106 3 11
103810e08106 1 10
83810e10082 6 11
87810e10102 6 16
87810e20082 6 16
87811610082 6 16
87820e10082 6 16
8b810e10082 4 11
107810e10082 6 16
83811608082 4 4
83813608084 6 4
83813608102 1 5
83815608082 3 5
83823608082 5 15
85813608082 3 5
103813608082 3 5
83820e08082 5 16
85810e08082 1 5
85810e0808a 3 9
85810e10086 4 7
85811608086 3 5
85820e08086 5 15
89810e08086 7 5
105810e08086 3 6
103810e08082 6 10
107810e08102 6 16
107811608082 6 16
107820e08082 6 16
10b810e08082 4 10
207810e08082 6 16
83810608101 6 3
87810608102 6 17
87810608201 6 17
87810610101 6 17
87810a08101 6 17
8b810608101 2 3
8b810608302 1 4
8b810608501 4 6
8b810610301 3 5
8b810a08301 4 3
8b820608301 4 6
93810608301 4 4
10b810608301 1 4
107810608101 6 17
83810610081 6 3
87810610082 6 17
87810620081 6 17
87810a10081 6 17
87820610081 6 17
8b810610081 3 3
8b810630082 3 5
8b810630101 2 5
8b810650081 7 3
8b810a30081 3 5
8b820630081 3 4
93810630081 3 5
10b810630081 1 4
107810610081 6 17
83810a08081 6 3
87810a08082 6 17
87811208081 6 17
87820a08081 6 17
8b810a08081 4 3
93811a08081 3 4
10b811a08081 7 4
107810a08081 6 17
83820608081 6 6
87820608082 6 17
87840608081 6 17
8b820608081 4 6
8b820e08082 5 15
8b820e08101 5 15
8b820e10081 7 13
8b821608081 5 15
8b840e08081 4 6
93820e08081 5 15
10b820e08081 7 13
107820608081 6 17
85810608081 4 3
85810e08101 4 5
85811e08102 4 16
85811e08201 4 16
85811e10101 4 16
85821e08101 4 16
89811e08101 4 16
105811e08101 4 16
85810e10081 4 8
85811e10082 4 16
85811e20081 4 16
85812e10081 3 8
85821e10081 4 16
89811e10081 4 16
105811e10081 4 16
85811608081 7 4
185811608082 1 4
185811608101 6 4
185811610081 3 4
185812608081 6 4
185821608081 5 16
189811608081 4 4
285811608081 6 4
85820e08081 5 16
89860e08081 7 16
89810e08081 4 5
89811e08082 4 16
89812e08081 7 5
89821e08081 4 16
91811e08081 4 16
109811e08081 4 16
105810e08081 4 3
105811e08082 4 16
105812e08081 7 3
105821e08081 4 16
205811e08081 4 16
103810608081 6 3
107810608082 6 17
10b810608081 1 3
10b810608085 7 3
10b810608103 2 4
10b810610083 3 4
10b810a08083 4 4
10b820608083 5 4
113810608083 7 3
20b810608083 7 5
207810608081 6 17
40810a04081 4 1
40811a04082 5 4
40831a04084 6 17
41831a04088 7 17
41831a04104 7 17
41831a08084 7 17
41832a04084 7 17
41851a04084 7 17
42831a04084 7 17
81831a04084 3 17
40831a04102 6 17
41831a04202 7 17
41831a08102 7 17
41832a04102 7 17
41851a04102 7 17
42831a04102 7 17
81831a04102 3 17
40831a08082 7 4
c0831a08084 6 17
c0831a08102 6 17
c0831a10082 6 17
c0832a08082 6 17
c0851a08082 6 17
c1031a08082 4 4
c1033a08084 3 6
c1033a08102 3 5
c1033a10082 6 4
c1035a08082 3 6
c1053a08082 3 6
c2033a08082 3 4
141033a08082 4 5
140831a08082 6 17
40832a04082 6 17
41832a08082 7 17
41834a04082 7 17
41852a04082 7 17
42832a04082 7 17
81832a04082 3 17
40851a04082 6 17
41851a08082 7 17
41891a04082 7 17
42851a04082 7 17
81851a04082 3 17
41031a04082 4 4
41033a04084 2 6
41033a04188 3 16
41033a04284 3 16
41033a08184 3 6
41035a04184 3 16
41053a04184 3 16
42033a04184 3 16
81033a04184 3 16
41033a04102 6 4
43033a04104 6 5
43033a04202 7 4
43033a08102 3 6
43035a04102 7 4
43053a04102 5 9
45033a04102 7 4
83033a04102 6 4
41033a08082 3 6
41033a18084 3 9
41033a18102 1 6
41033a28082 3 6
41035a18082 5 10
41053a18082 6 10
42033a18082 3 8
81033a18082 3 8
41035a04082 2 6
41035a04282 3 16
41035a08182 3 6
41039a04182 3 16
41055a04182 3 16
42035a04182 3 16
81035a04182 3 16
41053a04082 6 5
43053a04084 2 11
43053a08082 5 11
43055a04082 2 11
43093a04082 2 5
45053a04082 2 11
83053a04082 6 5
42033a04082 1 4
42033a0408a 2 5
42033a04106 3 4
42033a08086 1 4
42035a04086 2 4
42053a04086 2 4
44033a04086 6 4
82033a04086 7 4
81033a04082 2 6
81033a04282 3 16
81033a08182 2 6
81053a04182 3 16
82033a04182 3 16
101033a04182 3 16
80831a04082 3 17
80831a0c084 6 17
80831a0c102 6 17
80831a14082 6 17
80832a0c082 6 17
80851a0c082 6 17
81031a0c082 2 17
100831a0c082 6 17
40811a04101 4 4
40813a04102 7 4
c0813a04104 7 4
1c0813a04108 1 4
1c0813a04204 7 5
1c0813a08104 6 6
1c0815a04104 7 4
1c0823a04104 7 4
1c1013a04104 7 4
2c0813a04104 7 8
c0813a04202 7 4
1c0813a04402 2 4
1c0813a08202 7 4
1c0815a04202 2 5
1c0823a04202 7 4
1c1013a04202 7 5
2c0813a04202 7 8
c0813a08102 6 6
c0815a04102 7 4
1c0815a08102 6 6
1c0819a04102 7 4
1c0825a04102 7 4
1c1015a04102 7 4
2c0815a04102 7 10
c0823a04102 7 4
1c0823a08102 3 6
1c0843a04102 7 13
1c1023a04102 7 4
2c0823a04102 7 5
c1013a04102 7 4
1c1013a08102 7 4
1c2013a04102 7 4
2c1013a04102 6 4
140813a04102 7 4
340813a04104 7 8
340813a04202 7 8
340813a08102 7 8
340815a04102 7 10
340823a04102 2 4
341013a04102 6 4
540813a04102 1 4
40813a04201 7 4
c0813a04401 2 4
c0813a04c02 7 4
c0813a05401 7 4
c0813a08c01 7 4
c0815a04c01 7 4
c0823a04c01 7 4
c1013a04c01 7 4
140813a04c01 7 4
c0813a08201 7 4
1c0813a08401 2 4
1c0813a10201 7 4
1c0815a08201 7 4
1c0823a08201 7 4
1c1013a08201 7 4
2c0813a08201 6 5
c0815a04201 7 4
1c0815a04401 2 4
1c0819a04201 2 5
1c0825a04201 7 4
1c1015a04201 7 4
2c0815a04201 7 10
c0823a04201 7 4
1c0823a04401 2 4
1c0843a04201 7 11
1c1023a04201 7 4
2c0823a04201 5 4
c1013a04201 7 4
1c1013a04401 2 4
1c2013a04201 7 4
2c1013a04201 6 4
140813a04201 7 4
340813a04401 2 4
340813a08201 6 5
340815a04201 7 10
340823a04201 5 4
341013a04201 6 4
540813a04201 6 4
40813a08101 3 6
40813a18102 7 6
c0813a18104 6 7
c0813a18202 2 12
c0813a28102 6 10
c0815a18102 7 6
c0823a18102 7 6
c1013a18102 6 6
140813a18102 1 6
40813a18201 2 7
40813a18602 1 14
40813a18a01 3 13
40813a28601 3 7
40815a18601 3 13
40823a18601 3 13
41013a18601 3 12
80813a18601 3 12
40813a28101 3 7
40813a68102 5 10
40813a68201 5 10
40813aa8101 7 9
40815a68101 7 7
40823a68101 6 11
41013a68101 6 8
80813a68101 4 7
40815a18101 3 11
40815a38102 2 11
40815a38201 2 13
40815a58101 1 13
40819a38101 1 13
40825a38101 1 13
41015a38101 1 13
80815a38101 1 13
40823a18101 3 11
40823a38102 2 11
40823a38201 2 13
40823a58101 1 13
40843a38101 1 12
41023a38101 1 13
80823a38101 1 13
41013a18101 3 10
41013a38102 3 10
41013a38201 2 12
41013a58101 1 13
42013a38101 1 12
81013a38101 1 13
80813a18101 3 11
80813a38102 2 11
80813a38201 2 12
80813a58101 1 13
100813a38101 1 12
40815a04101 2 5
40815a04302 5 5
40835a04304 6 15
40835a04502 6 15
40835a08302 7 5
40839a04302 6 15
40855a04302 6 15
41035a04302 5 5
80835a04302 6 5
40815a04501 5 6
40835a04901 6 15
40835a08501 6 11
40839a04501 6 15
40855a04501 6 15
41035a04501 5 6
80835a04501 6 11
40815a08301 7 5
c0815a08302 2 5
c0815a08501 5 9
c0815a10301 6 12
c0819a08301 6 11
c0825a08301 5 7
c1015a08301 1 5
140815a08301 6 11
40819a04301 6 7
41819a04302 5 15
41819a04501 5 15
41819a08301 7 11
41829a04301 5 7
42819a04301 5 15
81819a04301 5 11
40825a04301 5 6
40865a04302 5 6
40865a04501 2 6
40865a08301 6 11
40869a04301 1 9
408a5a04301 5 9
41065a04301 5 9
80865a04301 1 6
41015a04301 1 5
41015a04305 7 5
41015a04503 2 5
41015a08303 7 5
41019a04303 7 5
41025a04303 6 5
42015a04303 6 5
81015a04303 2 5
80815a04301 1 5
80815a04305 7 5
80815a04503 2 5
80815a08303 7 5
80819a04303 7 5
80825a04303 5 6
100815a04303 1 5
40823a04101 7 4
c0823a08101 7 4
1c0823a10101 3 6
1c0825a08101 7 4
1c0843a08101 3 7
1c1023a08101 5 5
2c0823a08101 3 8
c0825a04101 7 4
1c0829a04101 7 4
1c0845a04101 7 13
1c1025a04101 7 4
2c0825a04101 7 4
c0843a04101 2 5
c0843a04302 5 6
c0843a04501 2 5
c0843a08301 5 6
c0845a04301 7 5
c0883a04301 5 5
c1043a04301 6 8
140843a04301 7 5
c1023a04101 7 4
1c1043a04101 7 14
1c2023a04101 7 12
2c1023a04101 7 4
140823a04101 7 4
340823a08101 7 5
340825a04101 2 5
340843a04101 2 5
341023a04101 5 5
540823a04101 2 4
41013a04101 6 4
43013a04102 6 5
47013a04104 7 5
47013a04202 7 5
47013a08102 6 7
47015a04102 7 5
47023a04102 7 5
4b013a04102 7 5
87013a04102 6 5
43013a04201 2 5
43013a04602 7 5
43013a04a01 5 5
43013a08601 3 7
43015a04601 7 5
43023a04601 2 5
45013a04601 7 5
83013a04601 4 5
43013a08101 3 6
43013a18102 7 6
43013a18201 2 7
43013a28101 3 8
43015a18101 3 9
43023a18101 3 10
45013a18101 6 8
83013a18101 3 9
43015a04101 7 5
c3015a04102 6 5
c3015a04201 6 5
c3015a08101 6 5
c3019a04101 7 5
c3025a04101 1 5
c5015a04101 6 5
143015a04101 1 5
43023a04101 6 5
47023a04201 7 5
47023a08101 6 6
47025a04101 7 5
47043a04101 5 13
4b023a04101 7 5
87023a04101 6 8
45013a04101 7 4
c5013a04102 7 4
c5013a04201 2 5
c5013a08101 7 4
c5023a04101 7 4
c9013a04101 7 4
145013a04101 6 5
83013a04101 6 4
87013a04201 6 5
87013a08101 6 6
87015a04101 1 4
8b013a04101 3 5
107013a04101 6 5
80813a04101 7 4
180813a04102 7 4
380813a04104 7 5
380813a04202 7 5
380813a08102 7 6
380815a04102 7 6
380823a04102 5 6
381013a04102 7 5
580813a04102 7 4
180813a04201 7 4
380813a04401 2 4
380813a08201 7 5
380815a04201 7 5
380823a04201 5 6
381013a04201 7 5
580813a04201 4 5
180813a08101 3 5
180813a18102 5 6
180813a18201 2 6
180813a28101 7 5
180815a18101 3 10
180823a18101 3 10
181013a18101 3 9
280813a18101 3 10
180815a04101 7 4
380815a08101 7 6
380819a04101 7 5
380825a04101 7 6
381015a04101 7 7
580815a04101 5 4
180823a04101 7 4
380823a08101 7 6
380843a04101 7 4
381023a04101 7 6
580823a04101 1 4
181013a04101 7 4
381013a08101 7 6
382013a04101 7 13
581013a04101 7 4
280813a04101 7 4
680813a04102 6 5
680813a04201 2 4
680813a08101 2 4
680815a04101 6 4
680823a04101 5 6
681013a04101 2 4
a80813a04101 6 4
40811a08081 3 3
40811a18082 4 6
40813a18084 3 9
40813a38088 1 9
40813a38104 2 11
40813a58084 2 9
40815a38084 3 10
40823a38084 6 11
41013a38084 2 9
80813a38084 2 9
40813a28082 7 7
c0813a28084 6 12
c0813a48082 2 7
c0815a28082 6 12
c0823a28082 5 10
c1013a28082 6 9
140813a28082 6 12
40815a18082 2 8
40815a18184 7 10
40815a18282 7 10
40815a28182 7 9
40819a18182 7 10
40825a18182 3 11
41015a18182 3 8
80815a18182 3 8
40823a18082 3 11
40823a58082 2 11
40825a38082 3 12
40843a38082 2 13
41023a38082 2 11
80823a38082 5 12
41013a18082 3 8
41013a58082 2 8
41015a38082 2 8
42013a38082 2 8
81013a38082 7 8
80813a18082 3 8
80813a58082 2 9
80815a38082 5 10
100813a38082 3 9
40811a18101 4 6
40811a28081 4 3
40813a48081 4 3
40817a48082 4 16
40817a48101 4 16
40817a88081 4 16
4081ba48081 3 3
40827a48081 4 16
41017a48081 4 16
80817a48081 4 16
40815a28081 7 7
c0815a28101 6 10
c0815a48081 2 7
c0819a28081 6 12
c0825a28081 7 7
c1015a28081 6 7
140815a28081 6 12
40823a28081 3 4
40823a68082 5 13
40823aa8081 5 11
40825a68081 5 13
40843a68081 5 4
41023a68081 6 8
80823a68081 5 11
41013a28081 3 4
41013a68082 6 9
41013aa8081 6 4
41015a68081 6 9
42013a68081 5 4
81013a68081 3 5
80813a28081 7 3
180813a28082 7 5
180813a48081 3 4
180815a28081 7 5
180823a28081 7 5
181013a28081 7 4
280813a28081 6 3
40812a18081 3 3
40812a38082 3 5
40812a78084 3 16
40812a78102 3 16
40812ab8082 6 5
40814a78082 3 16
40822a78082 3 16
41012a78082 3 16
80812a78082 3 16
40812a38101 3 5
40812a78201 3 16
40812ab8101 6 5
40814a78101 3 16
40822a78101 3 16
41012a78101 3 16
80812a78101 3 16
40812a58081 2 4
40812a58182 7 4
40812a58281 2 13
40812a98181 7 4
40814a58181 7 4
40822a58181 7 4
41012a58181 7 4
80812a58181 7 4
40814a38081 3 5
40814ab8081 6 5
40818a78081 3 16
40824a78081 3 16
41014a78081 3 16
80814a78081 3 16
40822a38081 2 4
40822a38182 7 4
40822a38281 2 14
40824a38181 7 4
40842a38181 7 4
41022a38181 6 4
80822a38181 7 4
41012a38081 6 3
43012a38082 1 4
43012a38101 6 3
43012a58081 2 4
43014a38081 2 4
43022a38081 2 4
45012a38081 6 4
83012a38081 2 4
80812a38081 3 5
80812ab8081 6 5
80822a78081 3 16
81012a78081 3 16
100812a78081 3 16
40821a18081 2 4
40821a18182 4 7
40823a18184 3 11
40823a18282 3 11
40823a28182 3 7
40843a18182 3 13
41023a18182 3 11
80823a18182 3 11
40821a18281 3 6
40821a38282 2 14
40821a38481 3 6
40821a58281 2 14
40841a38281 2 15
41021a38281 2 14
80821a38281 2 14
40821a28181 5 4
40861a28182 3 9
40861a28281 3 9
40861a48181 4 4
40862a28181 3 4
408a1a28181 5 16
41061a28181 4 6
80861a28181 3 6
40822a18181 3 4
40841a18181 3 4
40841a38182 2 13
40841a58181 2 13
40881a38181 5 16
41041a38181 2 13
80841a38181 2 13
41021a18181 4 6
41023a18281 5 7
41023a28181 5 6
41025a18181 3 12
41043a18181 3 13
42023a18181 3 11
81023a18181 3 12
80821a18181 5 6
80861a18182 3 12
80861a18281 3 14
80862a18181 6 6
808a1a18181 5 16
81061a18181 2 6
100861a18181 3 11
41011a18081 4 4
41015a18081 3 8
41015a58081 1 11
41019a38081 1 11
41025a38081 2 12
42015a38081 1 11
81015a38081 1 11
41023a18081 3 11
41023a58081 2 12
41043a38081 1 13
42023a38081 1 11
81023a38081 2 12
42013a18081 3 8
42013a58081 1 11
44013a38081 6 8
82013a38081 1 10
81013a18081 3 8
81013a58081 1 11
101013a38081 1 10
80811a18081 3 5
80811a38082 4 8
80811a38101 2 11
80811a38302 2 14
80811a38501 3 11
80811a58301 1 13
80812a38301 2 12
80821a38301 1 13
81011a38301 1 13
100811a38301 1 12
80811a58081 4 9
80813a98081 1 11
80815a58081 1 11
80823a58081 2 12
100813a58081 1 11
80821a38081 5 11
80861a38082 3 15
80861a38101 3 15
80861a58081 5 11
80862a38081 3 15
808a1a38081 3 15
81061a38081 5 11
100861a38081 3 15
81011a38081 4 8
100811a38081 3 9
100811a78082 3 16
100811a78101 3 16
100811ab8081 4 9
100821a78081 3 16
101011a78081 3 16
200811a78081 3 16
40812a04081 4 1
40816a04082 3 1
40816a0c084 5 16
40836a0c088 6 16
40836a0c104 6 16
40836a14084 6 16
4083aa0c084 6 16
40856a0c084 6 16
41036a0c084 2 16
80836a0c084 6 16
40816a0c102 6 1
41816a0c104 5 16
41816a0c202 5 16
41816a14102 5 16
4181aa0c102 5 16
41826a0c102 2 1
42816a0c102 5 16
81816a0c102 5 16
40816a14082 5 16
40836a14102 6 16
40836a24082 6 16
4083aa14082 6 16
40856a14082 6 16
41036a14082 2 16
80836a14082 6 16
4081aa0c082 5 16
4083aa0c102 6 16
4085aa0c082 6 16
4103aa0c082 2 16
8083aa0c082 6 16
40826a0c082 5 1
40866a0c084 6 4
40866a0c102 1 2
40866a14082 5 3
4086aa0c082 7 2
408a6a0c082 5 1
41066a0c082 3 2
80866a0c082 5 4
41016a0c082 6 1
43016a0c084 6 3
43016a0c102 2 2
43016a14082 6 2
4301aa0c082 6 2
43026a0c082 6 4
45016a0c082 6 1
83016a0c082 6 3
80816a0c082 5 16
80836a0c102 6 16
80856a0c082 6 16
81036a0c082 2 16
100836a0c082 6 16
40816a04101 2 1
40816a04302 6 3
41816a04304 5 15
41816a04502 5 15
41816a08302 2 4
4181aa04302 5 15
41826a04302 5 3
42816a04302 5 15
81816a04302 6 4
40816a04501 2 1
40816a04d02 6 3
40816a05501 6 3
40816a08d01 4 2
4081aa04d01 7 1
40826a04d01 5 3
41016a04d01 6 1
80816a04d01 2 1
40816a08301 2 3
40816a08702 7 4
40816a08b01 5 4
40816a10701 3 4
4081aa08701 1 3
40826a08701 2 4
41016a08701 2 4
80816a08701 2 4
4081aa04301 6 2
4181aa04501 5 15
4181aa08301 2 3
4182aa04301 6 2
4281aa04301 5 15
8181aa04301 6 3
40826a04301 2 3
40826a04702 2 4
40826a04b01 4 3
4082aa04701 2 3
40846a04701 2 4
41026a04701 6 3
80826a04701 7 3
41016a04301 6 2
43016a04302 7 3
43016a04501 6 2
43016a08301 6 3
4301aa04301 7 2
43026a04301 6 3
45016a04301 2 2
83016a04301 1 3
80816a04301 2 3
80816a04702 3 4
80816a04b01 7 3
8081aa04701 7 3
81016a04701 7 3
100816a04701 1 3
40816a08081 6 1
41816a08082 7 3
c1816a08084 5 16
c1816a08102 5 16
c1816a10082 5 16
c181aa08082 5 16
c1826a08082 5 3
c2816a08082 5 16
141816a08082 5 16
41816a08101 7 3
c1816a08201 5 16
c1816a10101 5 16
c181aa08101 5 16
c1826a08101 5 3
c2816a08101 5 16
141816a08101 5 16
41816a10081 7 1
c1816a20081 5 16
c181aa10081 5 16
c1826a10081 5 1
c2816a10081 5 16
141816a10081 5 16
4181aa08081 3 3
4181aa18082 7 4
4181aa18101 6 3
4181aa28081 3 4
4182aa18081 5 4
4281aa18081 7 4
8181aa18081 6 3
41826a08081 6 3
43826a08082 6 3
43826a08101 5 3
43826a10081 6 4
4382aa08081 5 3
43846a08081 6 4
45826a08081 6 3
83826a08081 5 4
42816a08081 7 3
c281aa08081 5 16
c2826a08081 5 3
c4816a08081 5 16
142816a08081 5 16
81816a08081 6 1
83816a08082 6 3
83816a08101 6 3
83816a10081 6 4
8381aa08081 6 3
85816a08081 6 1
103816a08081 6 4
4081aa04081 3 1
4081aa0c101 6 1
4181aa0c201 5 16
4181aa14101 5 16
4182aa0c101 5 1
4281aa0c101 5 16
8181aa0c101 5 16
4081aa14081 2 16
4081aa14182 5 16
4081aa14281 1 16
4081aa24181 1 16
4082aa14181 1 16
4101aa14181 1 16
8081aa14181 1 16
4082aa0c081 5 2
4086aa0c101 5 2
4086aa14081 7 2
408aaa0c081 3 2
4106aa0c081 7 2
8086aa0c081 2 3
4101aa0c081 2 16
4101aa0c182 5 16
4101aa0c281 1 16
4102aa0c181 1 16
4201aa0c181 1 16
8101aa0c181 1 16
8081aa0c081 2 16
8081aa0c182 5 16
8081aa0c281 1 16
8082aa0c181 1 16
10081aa0c181 1 16
40826a04081 2 1
40826a04182 2 1
40826a04384 2 4
40826a04582 2 1
40826a08382 3 4
4082aa04382 2 3
40846a04382 2 4
41026a04382 6 3
80826a04382 2 3
40826a04281 1 3
40826a04285 3 16
40826a04483 3 16
40826a08283 3 3
4082aa04283 3 16
40846a04283 3 16
41026a04283 3 16
80826a04283 3 16
40826a08181 2 3
40826a08581 2 3
40826a10381 2 4
4082aa08381 3 3
40846a08381 2 4
41026a08381 3 3
80826a08381 2 3
4082aa04181 5 3
4086aa04182 2 3
4086aa04281 1 4
4086aa08181 3 4
408aaa04181 5 4
4106aa04181 2 3
8086aa04181 1 4
40846a04181 1 1
40846a04185 3 16
40846a08183 3 1
4084aa04183 3 16
40886a04183 3 16
41046a04183 3 16
80846a04183 3 16
41026a04181 1 3
41026a04185 3 16
41026a08183 3 3
4102aa04183 3 16
42026a04183 3 16
81026a04183 3 16
80826a04181 1 3
80826a04185 3 16
80826a08183 3 3
8082aa04183 3 16
100826a04183 3 16
41016a04081 6 1
43016a04082 6 3
47016a04084 7 3
47016a04102 1 3
47016a08082 7 3
4701aa04082 7 3
47026a04082 6 4
4b016a04082 7 3
87016a04082 5 4
43016a04101 2 2
43016a08081 6 3
47016a08101 6 3
47016a10081 6 4
4701aa08081 6 3
47026a08081 6 4
4b016a08081 4 3
87016a08081 6 4
4301aa04081 6 2
4701aa04101 6 2
4702aa04081 7 3
4b01aa04081 3 3
8701aa04081 7 3
43026a04081 6 3
47026a04101 6 4
47046a04081 5 4
4b026a04081 3 4
87026a04081 1 4
45016a04081 6 1
4d016a04082 6 1
4d016a04101 2 1
4d016a08081 3 3
4d01aa04081 1 1
4d026a04081 4 2
55016a04081 2 3
8d016a04081 2 3
83016a04081 6 3
87016a04101 7 3
8b016a04081 7 3
107016a04081 7 9
80816a04081 3 1
80816a0c101 2 1
80816a0c302 2 4
80816a0c501 2 1
80816a14301 6 3
8081aa0c301 6 2
80826a0c301 2 2
81016a0c301 6 2
100816a0c301 2 3
80816a14081 2 16
80816a14182 5 16
80816a14281 1 16
80816a24181 1 16
80826a14181 1 16
81016a14181 1 16
100816a14181 1 16
80826a0c081 5 3
80866a0c101 5 3
80866a14081 1 3
808a6a0c081 3 3
81066a0c081 2 3
100866a0c081 2 4
81016a0c081 2 16
81016a0c182 5 16
81016a0c281 1 16
81026a0c181 1 16
82016a0c181 1 16
101016a0c181 1 16
100816a0c081 2 16
100816a0c182 5 16
100816a0c281 1 16
100826a0c181 1 16
200816a0c181 1 16
40821a04081 5 3
40861a04082 5 5
408e1a04084 5 9
409e1a04088 5 16
409e1a04104 5 16
409e1a08084 5 16
409e2a04084 5 16
40ae1a04084 4 9
411e1a04084 5 16
809e1a04084 5 16
408e1a04102 4 8
408e3a04104 7 10
408e3a04202 7 10
408e3a08102 6 12
408e5a04102 7 11
40963a04102 7 11
410e3a04102 7 13
808e3a04102 1 8
408e1a08082 3 11
408e1a18084 5 15
408e1a18102 3 11
408e1a28082 5 15
408e2a18082 5 15
40961a18082 3 11
410e1a18082 5 15
808e1a18082 5 15
408e2a04082 5 5
409e2a04102 5 16
409e2a08082 5 16
409e4a04082 5 16
40ae2a04082 2 5
411e2a04082 5 16
809e2a04082 5 16
40961a04082 4 9
40963a04084 7 11
40963a08082 6 12
40965a04082 7 11
40a63a04082 7 11
41163a04082 7 13
80963a04082 6 9
410e1a04082 6 11
430e1a04084 7 12
430e1a04102 7 13
430e1a08082 7 13
430e2a04082 6 12
43161a04082 7 13
450e1a04082 5 11
830e1a04082 6 14
808e1a04082 4 8
808e3a04084 3 9
808e3a08082 3 12
808e5a04082 3 10
810e3a04082 6 11
1008e3a04082 6 9
40861a04101 4 4
40863a04102 5 8
40863a04201 5 8
408e3a04401 2 8
408e3a08201 7 11
408e5a04201 7 11
40963a04201 7 11
410e3a04201 7 12
808e3a04201 6 8
40863a08101 3 11
40863a18102 3 11
40863a18201 5 11
40863a28101 3 11
40865a18101 3 12
408a3a18101 3 12
41063a18101 3 11
80863a18101 3 12
40865a04101 5 8
408e5a08101 6 12
408e9a04101 7 11
40965a04101 7 11
410e5a04101 7 13
808e5a04101 6 8
408a3a04101 3 4
408a3a0c102 3 6
408a3a0c201 3 4
408a3a14101 2 6
408a5a0c101 3 6
40923a0c101 4 4
410a3a0c101 5 6
808a3a0c101 3 6
41063a04101 5 10
410e3a08101 7 13
41163a04101 7 13
420e3a04101 6 12
810e3a04101 5 10
80863a04101 5 8
808e3a08101 6 11
80963a04101 6 8
1008e3a04101 6 9
40861a08081 6 4
40862a04081 5 3
408e2a04101 6 3
418e2a04102 2 4
418e2a04201 2 3
418e2a08101 6 4
418e4a04101 2 4
41962a04101 1 4
428e2a04101 6 12
818e2a04101 2 4
408e2a08081 6 4
418e2a08082 7 4
418e4a08081 7 4
41962a08081 7 4
428e2a08081 6 14
818e2a08081 7 4
408e4a04081 5 5
409e4a04101 5 16
409e4a08081 5 16
409e8a04081 5 16
40ae4a04081 2 5
411e4a04081 5 16
809e4a04081 5 16
40962a04081 6 4
41962a04082 7 4
41964a04081 7 4
41a62a04081 7 4
42962a04081 6 13
81962a04081 7 4
410e2a04081 5 5
411e2a04101 5 16
411e2a08081 5 16
412e2a04081 2 5
421e2a04081 5 16
811e2a04081 5 16
808e2a04081 5 5
809e2a04101 5 16
809e2a08081 5 16
80ae2a04081 2 5
1009e2a04081 5 16
408a1a04081 4 3
408a3a04082 1 3
408a3a0408a 2 3
408a3a04106 1 4
408a3a08086 1 5
408a5a04086 1 5
40923a04086 5 4
410a3a04086 1 5
808a3a04086 1 5
408a3a08081 5 4
409a3a08082 3 11
409a3a08101 2 8
409a3a10081 3 4
409a5a08081 3 13
40aa3a08081 3 11
411a3a08081 2 11
809a3a08081 3 13
408a5a04081 1 7
408a5a04085 2 12
408a5a04103 2 7
408a5a08083 1 7
408a9a04083 2 12
40925a04083 6 7
410a5a04083 2 10
808a5a04083 2 12
40923a04081 4 3
40927a04082 4 16
40927a04101 4 16
40927a08081 4 16
4092ba04081 5 3
40a27a04081 4 16
41127a04081 4 16
80927a04081 4 16
410a3a04081 5 7
411a3a04082 4 7
411a3a04101 2 8
411a5a04081 1 7
412a3a04081 1 9
421a3a04081 3 10
811a3a04081 3 10
808a3a04081 1 7
808a3a04085 2 12
808a3a04103 2 9
808a3a08083 3 10
80923a04083 6 7
810a3a04083 2 10
1008a3a04083 2 12
41061a04081 4 6
41063a04082 5 11
410e3a04084 7 12
410e3a08082 7 13
410e5a04082 7 13
420e3a04082 6 12
41063a08081 3 11
41063a18082 5 12
41063a28081 5 12
41065a18081 5 12
410a3a18081 5 11
42063a18081 3 11
81063a18081 3 11
41065a04081 5 11
410e5a08081 7 13
410e9a04081 7 13
41165a04081 7 13
420e5a04081 6 13
810e5a04081 6 11
42063a04081 6 7
46063a04082 5 12
46063a04101 5 12
46063a08081 5 13
46065a04081 5 13
460a3a04081 5 7
4a063a04081 5 13
86063a04081 7 14
81063a04081 1 6
81063a04085 7 6
81063a04103 2 6
81063a08083 7 6
81065a04083 1 6
82063a04083 6 12
101063a04083 2 7
80861a04081 4 6
80863a04082 5 8
80863a08081 3 11
80863a18082 3 12
80863a28081 3 11
80865a18081 3 12
808a3a18081 3 13
100863a18081 7 11
80865a04081 6 8
81865a04082 5 8
81865a04101 5 8
81869a04081 1 10
818a5a04081 1 9
82865a04081 1 10
101865a04081 1 10
100863a04081 5 9
1008e3a08081 6 11
1008e5a04081 3 10
100963a04081 6 9
1010e3a04081 6 11
2008e3a04081 7 9
41011a04081 4 4
41013a04082 1 4
41013a0408a 1 4
41013a040aa 6 4
41013a0411a 6 4
41013a0809a 3 6
41015a0409a 6 4
41023a0409a 6 4
42013a0409a 6 4
81013a0409a 2 5
41013a04106 7 4
c1013a0410a 7 4
c1013a04206 6 5
c1013a08106 6 5
c1015a04106 7 4
c1023a04106 5 5
c2013a04106 1 4
141013a04106 1 4
41013a08086 7 4
c1013a0808a 1 4
c1013a10086 1 4
c1015a08086 7 4
c1023a08086 3 6
c2013a08086 7 4
141013a08086 6 5
41015a04086 1 4
41015a04096 3 4
41015a0410e 1 7
41015a0808e 1 6
41019a0408e 1 5
41025a0408e 1 6
42015a0408e 1 5
81015a0408e 1 6
41023a04086 5 5
41063a0408a 5 10
41063a04106 5 9
41063a08086 5 10
41065a04086 5 10
42063a04086 6 6
81063a04086 3 6
42013a04086 1 4
42013a04096 4 5
42013a0410e 1 5
42013a0808e 3 6
42023a0408e 1 5
44013a0408e 6 4
82013a0408e 1 5
81013a04086 7 4
181013a0408a 7 4
181013a04106 7 4
181013a08086 3 5
181015a04086 7 4
181023a04086 7 5
182013a04086 4 5
281013a04086 7 4
41013a08081 1 4
41013a08085 1 4
41013a08095 6 4
41013a0810d 3 5
41013a1008d 6 5
41015a0808d 6 5
41023a0808d 1 5
42013a0808d 3 4
81013a0808d 6 4
41013a08103 1 4
41013a0810b 1 4
41013a08207 1 12
41013a10107 1 14
41015a08107 7 4
41023a08107 3 5
42013a08107 7 4
81013a08107 7 4
41013a10083 6 5
43013a10085 7 5
43013a10103 2 8
43013a20083 3 5
43015a10083 7 5
43023a10083 3 6
45013a10083 6 5
83013a10083 3 6
41015a08083 1 4
41015a0808b 1 4
41015a10087 1 13
41019a08087 7 4
41025a08087 1 4
42015a08087 1 4
81015a08087 7 4
41023a08083 7 4
c1023a08085 3 7
c1023a08103 7 4
c1023a10083 4 6
c1025a08083 3 6
c1043a08083 3 5
c2023a08083 5 4
141023a08083 6 6
42013a08083 1 4
42013a0808b 3 4
42013a10087 1 11
42023a08087 1 4
44013a08087 6 4
82013a08087 7 4
81013a08083 7 4
181013a08085 7 4
181013a08103 3 5
181013a10083 3 5
181015a08083 1 4
181023a08083 5 6
182013a08083 1 4
281013a08083 7 4
41015a04081 6 5
43015a04082 7 5
c3015a04084 7 5
c3015a08082 3 6
c3019a04082 7 5
c3025a04082 7 5
c5015a04082 6 5
143015a04082 1 5
43015a08081 3 6
43015a18082 7 6
43015a28081 3 9
43019a18081 7 9
43025a18081 2 11
45015a18081 6 6
83015a18081 3 6
43019a04081 2 7
43019a04182 3 11
43019a04281 3 15
43019a08181 3 7
43029a04181 1 11
45019a04181 3 15
83019a04181 3 15
43025a04081 7 5
c3025a08081 3 10
c3029a04081 1 7
c3045a04081 5 16
c5025a04081 6 5
143025a04081 1 7
45015a04081 3 6
45015a0c082 2 11
45015a0c101 3 6
45015a14081 2 15
45019a0c081 2 15
45025a0c081 2 11
49015a0c081 2 15
85015a0c081 2 15
83015a04081 3 5
83015a0c082 2 5
83015a0c101 3 5
83015a14081 2 15
83019a0c081 2 15
83025a0c081 1 5
103015a0c081 2 15
41023a04081 5 6
42013a04081 1 4
42013a04085 1 4
42013a04095 2 4
42013a0410d 2 4
42015a0408d 1 10
42023a0408d 6 5
44013a0408d 6 4
82013a0408d 1 8
42013a04103 1 4
42013a0410b 2 4
42013a04207 1 4
42015a04107 7 4
42023a04107 1 4
44013a04107 6 4
82013a04107 1 5
42015a04083 1 4
42015a0408b 1 10
42019a04087 6 5
42025a04087 1 4
44015a04087 6 4
82015a04087 6 5
42023a04083 1 4
42023a0408b 6 5
42043a04087 1 4
44023a04087 6 4
82023a04087 7 4
44013a04083 6 4
4c013a04085 1 4
4c013a04103 1 4
4c013a08083 1 4
4c015a04083 7 4
4c023a04083 1 4
54013a04083 7 4
8c013a04083 7 4
82013a04083 7 4
182013a04085 6 5
182013a04103 2 5
182015a04083 6 5
182023a04083 1 4
184013a04083 6 4
282013a04083 7 4
81013a04081 7 4
181013a04082 7 4
381013a04084 7 5
381013a08082 7 6
381015a04082 7 7
381023a04082 7 6
382013a04082 7 13
581013a04082 7 4
181013a08081 7 4
381013a10081 6 4
381015a08081 7 7
381023a08081 7 6
382013a08081 3 4
581013a08081 7 4
181015a04081 7 5
381019a04081 7 5
381025a04081 7 9
382015a04081 7 13
581015a04081 2 5
181023a04081 7 5
381043a04081 7 5
382023a04081 7 14
581023a04081 1 5
182013a04081 7 4
384013a04081 6 4
582013a04081 1 4
281013a04081 7 4
681013a04082 1 4
681013a08081 1 4
681015a04081 1 4
681023a04081 5 6
682013a04081 7 4
a81013a04081 7 4
80811a04081 3 4
80811a0c082 5 17
80811a0c101 4 4
80813a0c102 6 6
81813a0c104 5 16
81813a0c202 5 16
81813a14102 5 16
81815a0c102 5 16
81823a0c102 6 6
82813a0c102 5 16
101813a0c102 5 16
80813a0c201 7 4
180813a0c202 1 4
180813a0c401 2 4
180813a14201 6 4
180815a0c201 6 4
180823a0c201 7 4
181013a0c201 3 4
280813a0c201 6 5
80813a14101 6 5
81813a14201 5 16
81813a24101 5 16
81815a14101 5 16
81823a14101 2 5
82813a14101 5 16
101813a14101 5 16
80815a0c101 6 6
81815a0c201 5 16
81819a0c101 5 16
81825a0c101 5 6
82815a0c101 5 16
101815a0c101 5 16
80823a0c101 5 6
80863a0c102 5 8
80863a0c201 5 8
80863a14101 2 10
80865a0c101 3 10
81063a0c101 7 6
100863a0c101 3 9
81013a0c101 2 4
81013a0c302 2 4
81013a0c501 1 4
81013a14301 3 9
81015a0c301 7 4
81023a0c301 5 6
82013a0c301 7 4
101013a0c301 2 5
100813a0c101 6 6
101813a0c201 5 16
101823a0c101 5 6
102813a0c101 5 16
201813a0c101 5 16
80811a14081 2 17
80811a14182 5 17
80811a14281 1 17
80811a24181 1 17
80812a14181 1 17
80821a14181 1 17
81011a14181 1 17
100811a14181 1 17
80812a0c081 2 17
80812a0c182 5 17
80812a0c281 1 17
80814a0c181 1 17
80822a0c181 1 17
81012a0c181 1 17
100812a0c181 1 17
80821a0c081 1 4
80821a0c085 2 17
80821a0c103 4 4
80823a0c105 4 5
80823a0c203 3 4
80823a14103 5 6
80825a0c103 5 6
80843a0c103 2 4
81023a0c103 5 5
100823a0c103 5 6
80821a14083 2 17
80822a0c083 2 17
80841a0c083 2 17
81021a0c083 2 17
100821a0c083 2 17
81011a0c081 2 17
81011a0c182 5 17
81011a0c281 1 17
81021a0c181 1 17
82011a0c181 1 17
101011a0c181 1 17
100811a0c081 2 17
100811a0c182 5 17
100811a0c281 1 17
100821a0c181 1 17
200811a0c181 1 17
40820604081 2 2
40820604182 2 3
40820604384 2 3
40820604788 2 17
40820604b84 7 3
c0820604b88 1 5
c0820605384 7 3
c0820608b84 3 4
c0820a04b84 4 4
c0840604b84 5 4
c1020604b84 6 4
140820604b84 7 3
40820608784 2 17
40820a04784 2 17
40840604784 2 17
41020604784 2 17
80820604784 2 17
40820604582 4 3
40820e04584 4 3
40821e04588 4 16
40821e04984 4 16
40821e08584 4 16
40822e04584 1 3
40841e04584 4 16
41021e04584 4 16
80821e04584 4 16
40820e04982 4 5
40821e05182 4 16
40821e08982 4 16
40822e04982 1 5
40841e04982 4 16
41021e04982 4 16
80821e04982 4 16
40820e08582 3 16
40820e18584 5 16
40820e18982 1 16
40820e28582 1 16
40821618582 1 16
40840e18582 1 16
41020e18582 1 16
80820e18582 1 16
40821604582 1 4
4082160458a 2 4
40821604986 4 4
40821608586 3 16
40822604586 2 4
40841604586 5 4
41021604586 6 4
80821604586 7 4
40840e04582 4 8
40841e08582 4 16
40842e04582 5 8
40881e04582 4 16
41041e04582 4 16
80841e04582 4 16
41020e04582 4 5
41021e08582 4 16
41022e04582 7 5
42021e04582 4 16
81021e04582 4 16
80820e04582 7 5
180820e04584 5 6
180820e04982 7 5
180820e08582 3 15
180821604582 5 5
180840e04582 4 7
181020e04582 5 11
280820e04582 5 9
40820608382 2 6
40820608b82 4 6
40820e08b84 1 13
40820e09382 3 15
40820e10b82 4 6
40821608b82 3 15
40840e08b82 1 13
41020e08b82 3 15
80820e08b82 3 15
40820610782 2 17
40820a08782 2 17
40840608782 2 17
41020608782 2 17
80820608782 2 17
40820a04382 2 3
40820a04b82 4 3
40821a04b84 7 4
40821a05382 5 4
40821a08b82 5 4
40822a04b82 1 3
40841a04b82 4 4
41021a04b82 5 4
80821a04b82 4 4
40821204782 2 17
40840a04782 2 17
41020a04782 2 17
80820a04782 2 17
40840604382 2 3
40840604b82 5 3
408c0604b84 7 4
408c0605382 5 5
408c0608b82 3 4
408c0a04b82 5 5
40940604b82 7 3
410c0604b82 6 5
808c0604b82 5 5
40880604782 2 17
41040604782 2 17
80840604782 2 17
41020604382 6 3
43020604384 1 4
43020604394 7 4
4302060458c 4 4
4302060838c 2 12
43020a0438c 2 4
4304060438c 5 4
4502060438c 2 6
8302060438c 2 6
43020604582 4 4
43020e04584 1 4
43020e04982 6 6
43020e08582 3 15
43021604582 6 5
43040e04582 4 10
45020e04582 6 4
83020e04582 3 11
43020608382 2 6
43020608784 2 16
43020608b82 4 6
43020610782 2 16
43020a08782 2 16
43040608782 2 16
45020608782 2 16
83020608782 2 16
43020a04382 2 3
43020a04784 2 16
43020a04b82 4 3
43021204782 2 16
43040a04782 2 16
45020a04782 2 16
83020a04782 2 16
43040604382 2 5
43040604784 2 16
43040604b82 5 5
43080604782 2 16
45040604782 2 16
83040604782 2 16
45020604382 2 6
45020604784 2 16
45020604b82 4 6
49020604782 2 16
85020604782 2 16
83020604382 7 4
183020604384 2 9
183020604582 4 10
183020608382 2 11
183020a04382 2 4
183040604382 2 4
185020604382 2 9
283020604382 2 9
80820604382 4 4
80820e04384 2 10
80820e04788 2 16
80820e04b84 4 10
80820e08784 2 16
80821604784 2 16
80840e04784 2 16
81020e04784 2 16
100820e04784 2 16
80820e08382 3 16
80820e18384 5 16
80820e28382 1 16
80821618382 1 16
80840e18382 1 16
81020e18382 1 16
100820e18382 1 16
80821604382 4 4
80823604384 5 5
80823604582 5 5
80823608382 3 15
80825604382 5 5
80843604382 4 4
81023604382 7 5
100823604382 2 4
80840e04382 2 11
80840e04b82 4 11
80840e08782 2 16
80841604782 2 16
80880e04782 2 16
81040e04782 2 16
100840e04782 2 16
81020e04382 7 5
181020e04384 7 10
181020e08382 3 15
181021604382 5 5
181040e04382 2 10
182020e04382 7 5
281020e04382 2 11
100820e04382 2 5
100820e04b82 4 5
100820e08782 2 16
100821604782 2 16
101020e04782 2 16
200820e04782 2 16
40820604281 1 2
40820604285 3 18
40820604483 3 18
40820608283 3 2
40820618285 3 4
40820638289 3 6
40820638485 3 5
40820658285 2 6
40820a38285 3 6
40840638285 2 4
41020638285 2 6
80820638285 3 8
40820618483 2 2
40820618c85 3 4
40820619483 5 4
40820628c83 5 4
40820a18c83 4 3
40840618c83 3 2
41020618c83 3 3
80820618c83 3 4
40820628283 5 3
40860628285 3 4
40860628483 2 4
40860648283 7 3
40860a28283 4 3
408a0628283 5 4
41060628283 2 3
80860628283 3 4
40820a18283 4 3
40821a18285 3 6
40821a18483 3 4
40821a28283 5 3
40822a18283 3 4
40841a18283 3 4
41021a18283 2 5
80821a18283 3 6
40840618283 2 3
40840618685 3 4
40840618a83 3 4
40840628683 2 3
40840a18683 4 3
40880618683 5 4
41040618683 2 4
80840618683 2 4
41020618283 2 4
41020618685 2 6
41020618a83 3 4
41020628683 3 4
41020a18683 4 5
42020618683 2 4
81020618683 2 6
80820618283 3 4
80820638483 2 4
80820658283 2 6
80820a38283 3 6
80840638283 2 4
81020638283 2 6
100820638283 3 8
40820a04283 3 18
40840604283 3 18
41020604283 3 18
80820604283 3 18
40820608181 3 4
40820618182 4 13
40820e18184 2 13
40820e18388 5 16
40820e28384 5 16
40821618384 5 16
40840e18384 2 13
41020e18384 5 16
40820e18282 4 13
40821e18284 4 16
40821e18482 4 16
40821e28282 4 16
40822e18282 3 13
40841e18282 4 16
41021e18282 4 16
80821e18282 4 16
40820e28182 2 16
40820e48382 1 16
40821628382 1 16
40840e28382 1 16
41020e28382 1 16
40821618182 2 16
40822618382 1 16
40841618382 1 16
41021618382 1 16
40840e18182 2 13
40880e18382 1 16
41040e18382 1 16
41020e18182 2 16
42020e18382 1 16
80820e18182 2 16
40820618281 3 4
40820638282 3 7
40820678284 3 16
40820678482 3 16
408206b8282 5 7
40820a78282 3 16
40840678282 3 16
41020678282 3 16
80820678282 3 16
40820638481 3 5
40820678881 3 16
408206b8481 2 5
40820a78481 3 16
40840678481 3 16
41020678481 3 16
80820678481 3 16
40820658281 2 6
40820658682 2 11
40820658a81 5 6
40820698681 2 10
40820a58681 4 14
40840658681 2 9
41020658681 2 9
80820658681 2 9
40820a38281 3 6
40820ab8281 4 6
40821278281 3 16
40840a78281 3 16
41020a78281 3 16
80820a78281 3 16
40840638281 2 4
40840638682 2 11
40840638a81 7 4
40840a38681 4 15
40880638681 5 4
41040638681 2 8
80840638681 2 8
41020638281 2 6
41020638682 2 11
41020638a81 3 6
41020a38681 4 14
42020638681 2 8
81020638681 2 8
80820638281 3 8
808206b8281 5 8
80840678281 3 16
81020678281 3 16
100820678281 3 16
40820628181 5 4
40860628182 6 4
41860628184 4 15
41860628282 6 9
41860648182 4 15
41860a28182 4 4
418a0628182 4 15
42860628182 3 4
81860628182 4 15
40860628281 3 4
40860668282 6 4
40860668481 2 4
408606a8281 7 4
40860a68281 4 9
408a0668281 5 4
41060668281 6 8
80860668281 7 4
40860648181 4 4
40860e48182 2 16
40860e48281 4 4
40860e88181 2 16
40861648181 2 16
408a0e48181 2 16
41060e48181 6 16
80860e48181 2 16
40860a28181 4 4
408a0628181 4 15
408a0e28182 2 16
408a0e28281 4 15
408a1628181 2 16
40920e28181 2 16
410a0e28181 6 16
808a0e28181 2 16
41060628181 4 16
41060e28182 6 16
41060e28281 6 16
41061628181 6 16
42060e28181 2 16
81060e28181 6 16
80860628181 4 14
80860e28182 2 16
80860e28281 6 14
80861628181 2 16
100860e28181 2 16
40820a18181 4 4
40840618181 3 4
40840638182 3 6
40840678184 3 16
408406b8182 4 6
40840a78182 3 16
40880678182 3 16
41040678182 3 16
80840678182 3 16
40840658181 1 4
40840658185 6 4
40840658283 2 4
40840698183 1 4
40840a58183 4 4
40880658183 5 4
41040658183 1 4
80840658183 7 4
40840a38181 2 4
40840a38382 2 14
40840a38581 3 4
40840a58381 2 14
40841238381 3 10
40880a38381 5 14
41040a38381 2 14
80840a38381 2 14
40880638181 5 4
40980638182 2 12
40980638281 7 4
40980658181 7 4
40980a38181 4 16
40a80638181 2 13
41180638181 3 12
80980638181 2 13
41040638181 3 7
41040678281 3 16
410406b8181 2 7
41040a78181 3 16
41080678181 3 16
42040678181 3 16
81040678181 3 16
80840638181 2 7
80840638382 1 13
80840638581 3 7
80840658381 2 12
80880638381 5 13
81040638381 2 12
100840638381 2 11
41020618181 4 8
41020e18281 6 13
43020e18282 5 16
43020e18481 5 16
43020e28281 5 16
43021618281 5 16
43040e18281 4 13
45020e18281 5 16
83020e18281 5 16
41020e28181 5 16
41021618181 5 16
41061618182 6 16
41061618281 6 16
41062618181 6 16
410a1618181 6 16
42061618181 2 16
81061618181 6 16
41040e18181 4 8
41041e18182 4 16
41041e18281 4 16
41041e28181 4 16
41042e18181 3 8
41081e18181 5 16
42041e18181 4 16
81041e18181 4 16
42020e18181 2 13
42020e18581 5 16
42020e28381 5 16
42021618381 5 16
42040e18381 2 13
44020e18381 5 16
82020e18381 5 16
81020e18181 5 16
81060e18182 6 16
81060e18281 6 16
810a0e18181 6 16
82060e18181 2 16
101060e18181 6 16
80820618181 5 6
80860618182 4 13
80860e18184 2 16
80860e18282 4 13
80861618182 2 16
808a0e18182 2 16
100860e18182 2 16
80860618281 3 6
80860638282 3 8
80860638481 3 8
80860658281 2 6
80860a38281 4 14
808a0638281 3 8
81060638281 6 13
100860638281 3 8
80860a18181 4 6
808a0618181 4 15
808a0e18281 4 15
808a1618181 2 16
80920e18181 2 16
1008a0e18181 2 16
81060618181 4 16
100860618181 4 12
100860e18281 7 12
100861618181 2 16
200860e18181 2 16
40820a04181 4 2
40821a04182 2 3
40821a04384 7 4
c0821a04388 1 4
c0821a04584 4 5
c0821a08384 2 5
c0822a04384 2 4
c0841a04384 2 6
c1021a04384 7 4
140821a04384 2 5
40821a04582 4 3
40823a04584 7 5
40823a04982 4 3
40823a08582 5 8
40825a04582 5 3
40843a04582 4 4
41023a04582 6 3
80823a04582 2 3
40821a08382 2 4
40821a08784 2 16
40821a10782 2 16
40822a08782 2 16
40841a08782 2 16
41021a08782 2 16
80821a08782 2 16
40822a04382 2 3
40822a04784 2 16
40824a04782 2 16
40842a04782 2 16
41022a04782 2 16
80822a04782 2 16
40841a04382 2 4
40841a04784 2 16
40881a04782 2 16
41041a04782 2 16
80841a04782 2 16
41021a04382 2 4
41021a04784 2 16
42021a04782 2 16
81021a04782 2 16
80821a04382 2 4
80821a04784 2 16
100821a04782 2 16
40821a04281 1 3
40821a04285 3 17
40821a04483 3 17
40821a08283 3 3
40822a04283 3 17
40841a04283 3 17
41021a04283 3 17
80821a04283 3 17
40821a08181 3 4
40822a04181 1 2
40822a04185 3 17
40822a08183 3 2
40822a18185 1 4
40822a28183 5 2
40824a18183 3 4
40842a18183 3 4
41022a18183 3 3
80822a18183 3 4
40824a04183 3 17
40842a04183 3 17
41022a04183 3 17
80822a04183 3 17
40841a04181 2 4
40841a04581 1 4
40841a04585 3 16
40841a04983 3 16
40841a08583 4 4
40842a04583 3 16
40881a04583 3 16
41041a04583 3 16
80841a04583 3 16
40841a08381 2 5
40841a08b81 4 5
40841a10781 2 16
40842a08781 2 16
40881a08781 2 16
41041a08781 2 16
80841a08781 2 16
40842a04381 2 4
40842a04b81 4 4
40844a04781 2 16
40882a04781 2 16
41042a04781 2 16
80842a04781 2 16
40881a04381 5 5
40981a04382 2 5
40981a04581 1 15
40981a08381 3 16
40982a04381 1 15
40a81a04381 1 15
41181a04381 1 15
80981a04381 1 15
41041a04381 6 4
43041a04382 4 5
43041a04581 1 4
43041a08381 2 5
43042a04381 2 4
43081a04381 5 6
45041a04381 2 5
83041a04381 1 5
80841a04381 1 5
80841a04385 3 16
80841a08383 2 5
80842a04383 3 16
80881a04383 3 16
81041a04383 3 16
100841a04383 3 16
41021a04181 4 4
41023a04182 6 4
43023a04184 6 5
43023a04282 7 4
43023a08182 3 10
43025a04182 7 5
43043a04182 5 11
45023a04182 7 4
83023a04182 6 4
41023a04281 3 6
41023a0c282 3 6
41023a0c481 1 16
41023a14281 1 16
41025a0c281 1 16
41043a0c281 1 16
42023a0c281 1 16
81023a0c281 1 16
41023a08181 3 6
41025a04181 1 6
41025a04185 3 16
41025a04283 3 16
41025a08183 3 6
41029a04183 3 16
41045a04183 3 16
42025a04183 3 16
81025a04183 3 16
41043a04181 1 5
41043a04185 3 16
41043a04283 3 16
41043a08183 3 5
41083a04183 3 16
42043a04183 3 16
81043a04183 3 16
42023a04181 1 4
42023a04185 3 16
42023a04283 3 16
42023a08183 5 4
44023a04183 3 16
82023a04183 3 16
81023a04181 1 6
81023a04185 3 16
81023a04283 3 16
81023a08183 3 6
101023a04183 3 16
80821a04181 1 4
80821a04185 3 17
80821a08183 3 4
80821a18185 5 6
80821a28183 5 4
80841a18183 3 4
81021a18183 4 6
100821a18183 4 7
80841a04183 3 17
81021a04183 3 17
100821a04183 3 17
40840604181 1 2
40840604185 3 18
40840608183 2 2
40840608385 2 3
40840608789 2 16
40840608b85 5 3
40840610785 2 16
40840a08785 2 16
40880608785 2 16
41040608785 2 16
80840608785 2 16
40840608583 3 2
40840618585 3 3
40840618983 4 2
40840628583 4 2
40840a18583 3 3
40880618583 5 13
41040618583 1 3
80840618583 3 4
40840610383 2 2
40840610b83 3 2
40840620783 2 16
40840a10783 2 16
40880610783 2 16
41040610783 2 16
80840610783 2 16
40840a08383 2 3
40840a08b83 5 3
40841208783 2 16
40880a08783 2 16
41040a08783 2 16
80840a08783 2 16
40880608383 5 2
40980608385 1 2
40980608583 3 13
40980610383 2 2
40980a08383 2 3
40a80608383 3 13
41180608383 2 4
80980608383 3 13
41040608383 2 4
41040608b83 3 4
41080608783 2 16
42040608783 2 16
81040608783 2 16
80840608383 2 4
80840608b83 1 4
80880608783 2 16
100840608783 2 16
40840a04183 3 18
40880604183 3 18
41040604183 3 18
80840604183 3 18
41020604181 4 4
41020e04182 4 5
41021e04184 4 17
41021e04282 4 17
41021e08182 4 17
41022e04182 6 5
43022e04184 6 6
43022e04282 5 6
43022e08182 3 12
43024e04182 6 6
43042e04182 5 5
45022e04182 5 5
83022e04182 5 12
41041e04182 4 17
42021e04182 4 17
81021e04182 4 17
41020e04281 4 11
41021e04481 4 17
41021e08281 4 17
41022e04281 5 11
41062e04282 5 11
41062e04481 6 11
41062e08281 3 13
41064e04281 1 12
410a2e04281 1 14
42062e04281 5 12
81062e04281 1 14
41041e04281 4 17
42021e04281 4 17
81021e04281 4 17
41020e08181 3 8
41021604181 5 4
41061604182 4 4
41063604184 5 6
41063604282 5 5
41063608182 3 15
41065604182 5 6
410a3604182 4 4
42063604182 5 5
81063604182 6 6
41061604281 6 4
43061604282 7 4
43061604481 1 15
43061608281 3 16
43062604281 1 15
430a1604281 1 15
45061604281 1 15
83061604281 7 16
41061608181 3 16
41062604181 1 15
41062604185 3 16
41062604283 3 16
41062608183 3 15
41064604183 3 16
410a2604183 3 16
42062604183 3 16
81062604183 3 16
410a1604181 1 15
410a1604185 3 16
410a1604283 3 16
410a1608183 3 15
41121604183 3 16
420a1604183 3 16
810a1604183 3 16
42061604181 2 4
42061604382 4 4
42061604581 1 15
42061608381 3 16
42062604381 1 15
420a1604381 1 15
44061604381 6 14
82061604381 1 15
81061604181 1 15
81061604185 3 16
81061604283 3 16
81061608183 6 15
82061604183 3 16
101061604183 3 16
41040e04181 3 6
41040e0c182 4 6
41041e0c184 4 16
41041e0c282 4 16
41041e14182 4 16
41042e0c182 3 6
41081e0c182 4 16
42041e0c182 4 16
81041e0c182 4 16
41040e0c281 1 17
41040e14181 1 17
4104160c181 1 17
41080e0c181 1 17
42040e0c181 1 17
81040e0c181 1 17
42020e04181 3 12
42020e0c182 3 12
42020e1c184 1 12
42020e1c282 3 12
42020e2c182 2 15
4202161c182 2 15
42040e1c182 3 13
44020e1c182 6 13
42020e0c281 1 17
42020e14181 1 17
4202160c181 1 17
44020e0c181 1 17
82020e0c181 1 17
81020e04181 1 12
81020e04185 3 17
81020e04283 3 17
81020e08183 3 12
81020e18185 5 15
81020e18283 6 12
81020e28183 2 15
81021618183 2 15
81040e18183 2 12
82020e18183 2 15
101020e18183 2 15
81021604183 3 17
81040e04183 3 17
82020e04183 3 17
101020e04183 3 17
80820604181 1 4
80820604185 3 18
80820608183 3 4
80820618185 5 6
80860618189 2 14
80860618285 2 6
80860628185 4 13
80860a18185 4 6
808a0618185 4 14
81060618185 4 15
100860618185 2 11
80820628183 5 4
80860648183 4 6
80860a28183 4 4
808a0628183 4 14
81060628183 4 15
100860628183 4 13
80820a18183 4 4
80840618183 2 4
80840618385 2 12
80840628383 2 4
80840a18383 2 13
80880618383 5 13
81040618383 1 12
100840618383 1 12
81020618183 2 12
81020618385 2 12
81020618583 4 15
81020628383 4 15
81020a18383 2 12
82020618383 4 15
101020618383 4 15
100820618183 2 11
100820618385 2 12
100820618583 4 15
100820628383 4 15
100820a18383 2 11
200820618383 7 11
80820a04183 3 18
81020604183 3 18
100820604183 3 18
41010604081 6 2
43010604082 4 4
43010e04084 3 6
43010e0c088 1 6
43010e0c0a8 3 12
43010e0c118 7 7
43010e14098 5 6
4301160c098 3 12
43020e0c098 3 12
45010e0c098 3 13
83010e0c098 2 14
43010e0c104 6 6
47010e0c108 1 6
47010e0c204 6 6
47010e14104 6 6
4701160c104 6 12
47020e0c104 6 14
4b010e0c104 7 6
87010e0c104 6 12
43010e14084 5 6
43030e14088 2 16
43030e14104 4 6
43030e24084 2 16
43031614084 2 16
43050e14084 2 16
45030e14084 2 16
83030e14084 2 16
4301160c084 7 11
c301160c088 1 11
c301160c104 4 11
c3011614084 7 12
c301260c084 2 14
c302160c084 5 15
c501160c084 2 14
14301160c084 3 12
43020e0c084 3 13
43020e1c088 5 16
43020e1c104 5 16
43020e2c084 5 16
4302161c084 5 16
43040e1c084 3 13
45020e1c084 5 16
45010e0c084 5 14
45030e0c088 2 16
45030e0c104 5 14
4503160c084 2 16
45050e0c084 2 16
49030e0c084 2 16
85030e0c084 2 16
83010e0c084 2 15
83010e0c188 5 16
83010e0c284 5 16
83010e14184 5 16
8301160c184 5 16
83020e0c184 5 15
85010e0c184 5 16
103010e0c184 5 16
43010e04102 7 5
c3010e04104 7 7
1c3010e04108 1 7
1c3010e04204 7 11
1c3010e08104 7 11
1c3011604104 4 13
1c3020e04104 5 16
1c5010e04104 7 11
2c3010e04104 7 7
c3010e04202 7 7
1c3010e04402 2 7
1c3010e08202 7 11
1c3011604202 4 13
1c3020e04202 5 16
1c5010e04202 7 11
2c3010e04202 7 7
c3010e08102 2 6
c3010e08304 2 6
c3010e08502 3 7
c3010e10302 4 7
c3011608302 4 12
c3020e08302 3 15
c5010e08302 3 11
143010e08302 3 11
c3011604102 6 6
c7011604104 7 10
c7011604202 7 10
c7011608102 4 12
c7012604102 6 10
c7021604102 7 13
cb011604102 4 6
147011604102 6 6
c3020e04102 7 13
1c3020e08102 5 16
1c3021604102 5 16
1c3040e04102 7 13
1c5020e04102 5 16
2c3020e04102 5 16
c5010e04102 7 5
1c5010e08102 7 5
1c5011604102 4 14
1c9010e04102 7 5
2c5010e04102 2 6
143010e04102 7 5
343010e04104 7 6
343010e04202 7 5
343010e08102 6 11
343011604102 6 5
343020e04102 7 5
345010e04102 6 5
543010e04102 7 5
43010e08082 7 5
c3010e08084 7 5
1c3010e08088 1 6
1c3010e10084 7 10
1c3011608084 4 13
1c3020e08084 5 16
1c5010e08084 7 5
2c3010e08084 7 5
c3010e10082 4 5
c3011e10084 4 16
c3011e10102 4 16
c3011e20082 4 16
c3012e10082 3 5
c3021e10082 4 16
c5011e10082 4 16
143011e10082 4 16
c3011608082 4 13
c3020e08082 5 16
c3060e08084 7 16
c3060e08102 7 16
c3060e10082 7 16
c3061608082 7 16
c30a0e08082 7 16
c5060e08082 7 16
143060e08082 3 16
c5010e08082 7 5
1c5010e10082 4 8
1c5011608082 4 14
1c5020e08082 5 16
1c9010e08082 7 6
2c5010e08082 1 6
143010e08082 6 5
147010e08084 7 10
147010e08102 7 11
147010e10082 6 5
147011608082 6 5
147020e08082 7 13
14b010e08082 7 11
247010e08082 7 8
43011604082 6 4
47011604084 5 7
47031604088 1 7
47031604104 6 7
47031608084 5 13
47032604084 6 13
47051604084 6 14
4b031604084 2 12
87031604084 2 14
47011604102 7 6
47011608082 6 4
4f011608084 6 16
4f011608102 6 16
4f011610082 6 16
4f012608082 6 16
4f021608082 6 16
57011608082 3 4
8f011608082 6 16
47012604082 6 4
4f012604084 6 16
4f012604102 6 16
4f014604082 6 16
4f022604082 6 16
57012604082 1 4
8f012604082 6 16
47021604082 7 6
c7021604084 7 13
c7021608082 5 15
c7022604082 6 13
c7041604082 6 14
cb021604082 4 6
147021604082 6 6
4b011604082 4 4
4b013604084 7 6
4b013604102 7 6
4b013608082 7 12
4b015604082 7 6
4b023604082 7 6
53013604082 7 6
87011604082 6 13
8f011604084 6 16
8f011604102 6 16
8f021604082 6 16
97011604082 3 13
10f011604082 6 16
43020e04082 4 6
43021e04084 4 17
43021e04102 4 17
43021e08082 4 17
43022e04082 1 6
43041e04082 4 17
45021e04082 4 17
83021e04082 4 17
45010e04082 3 6
45010e0c102 3 12
45010e1c104 6 13
45010e1c202 6 13
45010e2c102 6 14
4501161c102 6 14
45020e1c102 5 16
49010e1c102 1 12
85010e1c102 6 14
45010e14082 5 6
45030e14102 4 6
45030e24082 2 16
45031614082 2 16
45050e14082 2 16
49030e14082 2 16
85030e14082 2 16
4501160c082 3 14
4501161c084 2 15
4501162c082 2 15
4501261c082 2 15
4502161c082 5 16
4901161c082 2 15
8501161c082 2 15
45020e0c082 3 13
45020e2c082 5 16
45040e1c082 5 13
49020e1c082 5 16
49010e0c082 2 11
49010e0c184 5 16
49010e0c282 5 16
49010e14182 5 16
4901160c182 5 16
49020e0c182 3 11
51010e0c182 5 16
89010e0c182 5 16
85010e0c082 2 15
85010e0c282 5 16
85010e14182 5 16
8501160c182 5 16
85020e0c182 5 15
105010e0c182 5 16
83010e04082 6 6
87010e04084 7 12
187010e04088 1 12
187010e04104 6 12
187010e08084 4 12
187011604084 6 13
187020e04084 5 16
18b010e04084 4 12
287010e04084 6 13
87010e04102 7 12
187010e04202 6 12
187010e08102 4 13
187011604102 6 13
187020e04102 5 16
18b010e04102 4 13
287010e04102 6 13
87010e08082 6 6
8f010e08084 6 16
8f010e08102 6 16
8f010e10082 6 16
8f020e08082 6 16
97010e08082 4 6
10f010e08082 6 16
87020e04082 7 14
187020e08082 5 16
187021604082 5 16
187040e04082 5 14
18b020e04082 5 16
287020e04082 5 16
8b010e04082 5 6
8b030e04084 2 14
8b030e04102 5 13
8b030e08082 5 15
8b031604082 2 14
8b050e04082 4 6
93030e04082 2 14
10b030e04082 7 13
107010e04082 7 6
307010e04084 5 12
307010e04102 4 13
307010e08082 5 13
307011604082 6 12
307020e04082 7 14
30b010e04082 5 13
507010e04082 5 6
43010604101 4 4
43010e04201 7 5
c3010e04401 2 5
c3010e04c02 7 7
c3010e05401 7 7
c3010e08c01 7 5
c3011604c01 4 11
c3020e04c01 7 12
c5010e04c01 7 5
143010e04c01 6 6
c3010e08201 7 5
1c3010e08401 2 5
1c3010e10201 4 12
1c3011608201 4 13
1c3020e08201 5 16
1c5010e08201 2 6
2c3010e08201 7 5
c3011604201 6 6
c7011604401 2 10
c7011608201 4 11
c7012604201 6 9
c7021604201 7 13
cb011604201 4 6
147011604201 6 6
c3020e04201 7 12
1c3020e04401 5 16
1c3021604201 5 16
1c3040e04201 7 12
1c5020e04201 5 16
2c3020e04201 5 16
c5010e04201 7 5
1c5010e04401 2 5
1c5011604201 4 13
1c9010e04201 7 5
2c5010e04201 2 6
143010e04201 6 5
147010e04202 6 6
147010e04401 2 6
147010e08201 7 10
147020e04201 6 6
14b010e04201 7 5
247010e04201 6 11
43010e08101 2 6
43010e08302 3 12
43010e18304 5 12
43010e18502 1 16
43010e28302 1 16
43011618302 1 16
43020e18302 1 16
45010e18302 1 16
83010e18302 1 16
43010e08501 3 7
43010e18901 7 7
43010e28501 3 7
43011618501 3 14
43020e18501 5 16
45010e18501 6 7
83010e18501 3 11
43010e10301 3 6
43010e30302 2 10
43010e30501 3 7
43010e50301 1 6
43011630301 4 7
43020e30301 3 7
45010e30301 2 10
83010e30301 2 12
43011608301 4 6
43013608302 7 12
43013608501 7 12
43013610301 3 7
43015608301 7 12
43023608301 7 14
45013608301 7 12
83013608301 1 6
43020e08301 3 8
43020e28301 5 16
43021618301 5 16
43040e18301 3 8
45020e18301 5 16
83020e18301 5 16
45010e08301 6 6
4d010e08302 3 11
4d010e08501 3 7
4d010e10301 3 6
4d011608301 4 6
4d020e08301 2 6
55010e08301 3 7
8d010e08301 2 6
83010e08301 2 6
83010e08702 1 13
83010e08b01 4 6
83010e10701 2 12
83011608701 1 6
83020e08701 5 15
85010e08701 7 6
103010e08701 7 6
43011604101 6 4
47011604201 7 6
47011608101 6 5
4f011608201 6 16
4f011610101 6 16
4f012608101 6 16
4f021608101 6 16
57011608101 3 5
8f011608101 6 16
47012604101 6 5
4f012604201 6 16
4f014604101 6 16
4f022604101 6 16
57012604101 2 5
8f012604101 6 16
47021604101 7 6
c7021608101 5 15
c7022604101 6 13
c7041604101 6 14
cb021604101 4 6
147021604101 6 6
4b011604101 4 4
4b013604201 7 6
4b013608101 7 12
4b015604101 7 6
4b023604101 7 6
53013604101 7 6
8b013604101 4 4
87011604101 6 12
8f011604201 6 16
8f021604101 6 16
97011604101 3 12
10f011604101 6 16
43020e04101 2 6
43020e04302 6 6
47020e04304 7 6
47020e04502 7 6
47020e08302 3 15
47021604302 7 6
47040e04302 6 12
4b020e04302 4 6
87020e04302 7 13
43020e04501 6 6
47020e04901 7 6
47020e08501 5 12
47021604501 7 6
47040e04501 5 10
4b020e04501 2 6
87020e04501 7 13
43021604301 4 6
43023604302 7 6
43023604501 1 12
43025604301 1 12
43043604301 5 7
45023604301 1 12
83023604301 1 12
43040e04301 5 6
430c0e04302 6 12
430c0e04501 6 10
430c0e08301 5 7
430c1604301 4 7
43140e04301 7 6
450c0e04301 5 7
830c0e04301 6 10
45020e04301 5 7
45060e04302 5 11
45060e04501 2 7
45060e08301 3 16
45061604301 5 14
450a0e04301 5 7
49060e04301 1 7
85060e04301 7 16
83020e04301 5 12
83060e04302 7 16
83060e04501 7 16
83060e08301 7 16
83061604301 7 16
830a0e04301 7 16
103060e04301 3 12
45010e04101 6 6
4d010e04102 1 6
4d010e0410a 5 7
4d010e04206 3 6
4d010e08106 3 11
4d011604106 5 7
4d020e04106 4 8
55010e04106 5 8
8d010e04106 3 12
4d010e04201 3 6
4d010e0c202 3 13
4d010e0c401 2 6
4d010e14201 3 6
4d01160c201 3 13
4d020e0c201 3 15
55010e0c201 3 13
8d010e0c201 7 13
4d010e08101 2 6
4d011604101 4 6
4d013604102 5 7
4d013604201 5 7
4d013608101 7 12
4d015604101 1 7
4d023604101 1 6
55013604101 1 7
8d013604101 3 12
4d020e04101 6 6
5d020e04102 1 6
5d020e04201 2 6
5d020e08101 3 6
5d021604101 4 6
5d040e04101 5 8
6d020e04101 1 6
9d020e04101 3 14
55010e04101 1 6
55010e04105 2 6
55010e04203 2 6
55010e08103 1 7
55011604103 2 8
55020e04103 1 8
65010e04103 1 8
95010e04103 3 12
8d010e04101 3 13
8d010e0c102 7 14
8d010e14101 7 14
8d01160c101 7 14
8d020e0c101 7 15
95010e0c101 7 14
10d010e0c101 3 13
83010e04101 6 6
87010e04201 7 12
187010e04401 2 12
187010e08201 4 12
187011604201 6 12
187020e04201 5 16
18b010e04201 4 12
287010e04201 6 12
87010e08101 6 6
8f010e08201 6 16
8f010e10101 6 16
8f020e08101 6 16
97010e08101 4 6
10f010e08101 6 16
87020e04101 7 14
187020e08101 5 16
187021604101 5 16
187040e04101 5 14
18b020e04101 5 16
287020e04101 5 16
8b010e04101 4 6
8b011e04102 4 16
8b011e04201 4 16
8b011e08101 4 16
8b012e04101 7 6
8b021e04101 4 16
93011e04101 4 16
10b011e04101 4 16
107010e04101 6 6
10f010e04102 6 16
10f010e04201 6 16
10f020e04101 6 16
117010e04101 1 6
20f010e04101 6 16
43010608081 4 3
43010e10081 4 6
43011e10082 4 17
43011e10101 4 17
43011e20081 4 17
43012e10081 3 6
43012e30082 3 8
43012e30101 3 8
43012e50081 6 6
43014e30081 3 7
43022e30081 6 6
45012e30081 5 6
83012e30081 7 10
43021e10081 4 17
45011e10081 4 17
83011e10081 4 17
43011608081 4 3
43013608101 7 13
c3013608201 7 13
c3013610101 7 13
c3015608101 7 14
c3023608101 7 15
c5013608101 7 14
143013608101 3 14
43013610081 7 3
c3013620081 3 3
c3015610081 7 13
c3023610081 7 15
c5013610081 7 13
143013610081 6 3
43015608081 7 13
c3019608081 7 14
c3025608081 7 15
c5015608081 7 14
143015608081 3 14
43023608081 7 15
c3043608081 5 16
c5023608081 7 15
143023608081 3 15
45013608081 7 13
c9013608081 7 13
145013608081 3 14
83013608081 4 3
83017608082 3 5
83017608101 2 6
83017610081 3 3
8301b608081 7 4
83027608081 5 15
85017608081 3 5
103017608081 3 4
43020e08081 6 6
47020e08082 5 13
47060e08084 3 16
47060e08102 3 16
47060e10082 7 13
47061608082 3 16
470a0e08082 3 16
4b060e08082 3 16
87060e08082 7 16
47020e08101 5 13
47060e08201 3 16
47060e10101 7 13
47061608101 3 16
470a0e08101 3 16
4b060e08101 3 16
87060e08101 7 16
47020e10081 6 6
4f020e10082 6 16
4f020e10101 6 16
4f020e20081 6 16
4f021610081 6 16
4f040e10081 6 16
57020e10081 4 6
8f020e10081 6 16
47021608081 5 12
47061610081 7 12
47062608081 3 16
470a1608081 3 16
4b061608081 3 16
87061608081 7 16
47040e08081 6 6
4f040e08082 6 16
4f040e08101 6 16
4f041608081 6 16
4f080e08081 6 16
57040e08081 5 6
8f040e08081 6 16
4b020e08081 3 13
4b020e18082 5 16
4b020e18101 5 16
4b020e28081 5 16
4b021618081 5 16
4b040e18081 4 13
53020e18081 5 16
8b020e18081 5 16
87020e08081 5 16
87060e10081 7 16
870a0e08081 7 16
8b060e08081 7 16
107060e08081 3 16
45010e08081 6 5
4d010e08082 1 5
4d010e0808a 3 9
4d010e10086 3 5
4d011608086 7 5
4d020e08086 3 11
55010e08086 3 9
8d010e08086 3 7
4d010e10081 3 5
4d010e30082 3 6
4d010e30101 1 6
4d010e50081 4 6
4d011630081 3 5
4d020e30081 5 5
55010e30081 3 6
8d010e30081 4 10
4d011608081 7 5
cd011608082 4 12
cd011608101 4 12
cd011610081 7 10
cd012608081 7 5
cd021608081 5 15
d5011608081 4 12
14d011608081 3 5
4d020e08081 3 6
4d020e18082 5 16
4d020e18101 5 16
4d020e28081 5 16
4d021618081 5 16
4d040e18081 5 6
55020e18081 5 16
8d020e18081 5 16
55010e08081 6 5
75010e08082 1 5
75010e08101 2 6
75010e10081 4 5
75011608081 7 5
75020e08081 3 6
b5010e08081 7 5
8d010e08081 7 5
18d010e08082 1 5
18d010e08101 4 6
18d010e10081 4 10
18d011608081 3 5
18d020e08081 5 16
195010e08081 7 5
28d010e08081 7 5
83010e08081 4 6
83011e08082 4 17
83011e08101 4 17
83012e08081 6 6
87012e08082 7 6
87012e08101 7 6
87012e10081 6 7
87014e08081 7 6
87022e08081 5 15
8b012e08081 7 6
107012e08081 7 12
83021e08081 4 17
85011e08081 4 17
103011e08081 4 17
43010a04081 6 2
47010a04082 7 3
c7010a04084 1 3
c7010a04094 7 3
c7010a0410c 7 3
c7010a0808c 6 4
c701120408c 6 4
c7020a0408c 7 3
cb010a0408c 7 3
147010a0408c 7 3
c7010a04102 6 3
cf010a04104 6 16
cf010a04202 6 16
cf010a08102 6 16
cf011204102 6 16
cf020a04102 6 16
d7010a04102 7 3
14f010a04102 6 16
c7010a08082 6 3
cf010a08084 6 16
cf010a10082 6 16
cf011208082 6 16
cf020a08082 6 16
d7010a08082 1 3
14f010a08082 6 16
c7011204082 6 3
cf011204084 6 16
cf012204082 6 16
cf021204082 6 16
d7011204082 4 3
14f011204082 6 16
c7020a04082 1 3
c7020a0408a 6 3
c7020a04106 1 3
c7020a08086 1 3
c7021204086 6 3
c7040a04086 6 3
cb020a04086 1 3
147020a04086 7 3
cb010a04082 4 3
cb011a04084 4 5
cb011a04102 4 5
cb011a08082 4 5
cb012a04082 3 3
cb021a04082 4 5
d3011a04082 4 5
14b011a04082 4 5
147010a04082 1 3
147010a0408a 4 3
147010a04106 1 3
147010a08086 6 4
147011204086 6 3
14b010a04086 1 3
247010a04086 7 4
47010a04101 6 2
4f010a04102 6 17
4f010a04201 6 17
4f010a08101 6 17
4f011204101 6 17
4f020a04101 6 17
57010a04101 2 2
57010a04302 4 4
57010a04501 7 2
57010a08301 2 5
57011204301 4 3
57020a04301 2 4
67010a04301 2 5
97010a04301 1 4
8f010a04101 6 17
47010a08081 6 3
4f010a08082 6 17
4f010a10081 6 17
4f011208081 6 17
4f020a08081 6 17
57010a08081 4 3
57011a08082 3 6
57011a08101 4 5
57011a10081 4 5
57012a08081 3 3
57021a08081 3 6
67011a08081 3 6
97011a08081 3 5
8f010a08081 6 17
47011204081 6 2
4f011204082 6 17
4f012204081 6 17
4f021204081 6 17
57011204081 4 2
57013204082 7 3
57013204101 7 3
57013208081 3 2
57015204081 7 3
57023204081 1 4
67013204081 1 4
97013204081 1 2
8f011204081 6 17
47020a04081 7 3
c7020a04101 6 3
cf020a04201 6 16
cf020a08101 6 16
cf021204101 6 16
cf040a04101 6 16
d7020a04101 2 3
14f020a04101 6 16
c7020a08081 6 3
cf020a10081 6 16
cf021208081 6 16
cf040a08081 6 16
d7020a08081 7 3
14f020a08081 6 16
c7021204081 6 3
cf022204081 6 16
cf041204081 6 16
d7021204081 4 3
14f021204081 6 16
c7040a04081 6 3
cf040a04082 6 16
cf080a04081 6 16
d7040a04081 7 3
14f040a04081 6 16
cb020a04081 3 3
cb020a0c082 1 3
cb020a0c101 2 3
cb020a14081 3 4
cb02120c081 4 3
cb040a0c081 5 3
d3020a0c081 7 3
14b020a0c081 4 5
147020a04081 7 3
347020a04082 7 14
347020a04101 7 14
347020a08081 7 14
347021204081 7 13
347040a04081 5 15
34b020a04081 7 14
547020a04081 6 3
4b010a04081 3 3
4b010a0c082 2 3
4b010a0c184 5 16
4b010a0c282 5 16
4b010a14182 5 16
4b01120c182 5 16
4b020a0c182 4 3
53010a0c182 5 16
8b010a0c182 5 16
4b010a0c101 4 3
4b011a0c102 3 6
4b011a0c201 3 5
4b011a14101 2 3
4b012a0c101 2 3
4b021a0c101 3 6
53011a0c101 4 5
8b011a0c101 3 5
4b010a14081 2 16
4b010a14281 1 16
4b010a24181 1 16
4b011214181 1 16
4b020a14181 1 16
53010a14181 1 16
8b010a14181 1 16
4b01120c081 2 16
4b01120c281 1 16
4b01220c181 1 16
4b02120c181 1 16
5301120c181 1 16
8b01120c181 1 16
4b020a0c081 4 5
4b021a0c082 3 10
4b021a14081 4 5
4b022a0c081 3 5
4b041a0c081 2 7
53021a0c081 2 10
8b021a0c081 3 11
53010a0c081 2 16
53010a0c281 1 16
53020a0c181 1 16
63010a0c181 1 16
93010a0c181 1 16
8b010a0c081 2 16
8b010a0c281 1 16
8b020a0c181 1 16
10b010a0c181 1 16
87010a04081 6 3
8f010a04082 6 17
8f020a04081 6 17
97010a04081 3 3
97010a0c082 4 4
97010a0c101 4 3
97010a14081 2 15
9701120c081 2 15
97020a0c081 4 5
a7010a0c081 2 15
117010a0c081 2 15
10f010a04081 6 17
43020604081 7 3
c3020604082 4 5
c3020e04084 7 12
1c3020e04088 5 16
1c3021604084 5 16
1c3040e04084 7 12
1c5020e04084 5 16
2c3020e04084 5 16
c3021604082 6 6
c3040e04082 5 5
c30c0e04084 7 11
c30c0e04102 7 12
c30c0e08082 3 9
c30c1604082 4 16
c3140e04082 6 7
c50c0e04082 6 5
1430c0e04082 6 14
c5020e04082 6 5
cd020e04084 5 14
cd020e04102 3 14
cd020e08082 5 15
cd021604082 7 14
cd040e04082 5 5
d5020e04082 3 14
14d020e04082 1 5
143020e04082 1 5
143020e0408a 7 5
143020e04106 6 6
143020e08086 3 12
143021604086 4 5
143040e04086 5 9
145020e04086 6 5
243020e04086 7 5
c3020604101 4 5
c3020e08101 5 16
c3060e08201 7 16
c3060e10101 7 16
c3061608101 7 16
c30a0e08101 7 16
c5060e08101 7 16
143060e08101 3 16
c3021604101 6 6
c3040e04101 5 5
c30c0e04201 7 11
c30c0e08101 6 6
c30c1604101 4 16
c3140e04101 7 6
c50c0e04101 6 5
1430c0e04101 6 14
c5020e04101 6 5
cd020e04201 5 14
cd020e08101 5 15
cd021604101 7 14
cd040e04101 5 5
d5020e04101 3 14
14d020e04101 7 5
143020e04101 7 5
343020e04201 7 5
343020e08101 6 13
343021604101 6 5
343040e04101 5 5
345020e04101 6 5
543020e04101 7 5
c3020608081 3 4
c3020618082 5 12
c3060618084 4 16
c3060618102 4 16
c3060628082 4 16
c3060a18082 5 12
c30a0618082 4 16
c5060618082 4 16
143060618082 4 16
c3020618101 6 5
c7020618102 5 12
c7020618201 5 11
c7020628101 5 11
c7020a18101 6 5
c7040618101 6 5
cb020618101 5 12
147020618101 7 13
c3020628081 5 11
c3060628101 4 16
c3060648081 4 16
c3060a28081 5 11
c30a0628081 4 16
c5060628081 4 16
143060628081 4 16
c3020a18081 3 4
c3020a38082 7 4
c3020a38101 6 4
c3020a58081 4 4
c3021238081 3 7
c3040a38081 2 4
c5020a38081 6 4
143020a38081 7 4
c3040618081 5 5
c30c0618082 5 9
c30c0618101 6 5
c30c0628081 3 5
c30c0a18081 6 12
c3140618081 4 6
c50c0618081 6 5
1430c0618081 6 7
c5020618081 4 5
c5020e18082 5 16
c5020e18101 5 16
c5020e28081 5 16
c5021618081 5 16
c5040e18081 3 5
c9020e18081 5 16
145020e18081 5 16
143020618081 5 13
143060618101 4 16
143060a18081 5 13
1430a0618081 4 16
145060618081 4 16
243060618081 4 16
c3020a04081 6 3
c3040604081 5 4
c30c0604082 6 7
c70c0604084 7 11
c70c0604102 7 12
c70c0608082 7 11
c70c0a04082 7 13
c7140604082 6 7
cb0c0604082 7 11
1470c0604082 7 14
c30c0604101 6 6
c70c0604201 7 11
c70c0608101 7 11
c70c0a04101 7 13
c7140604101 7 6
cb0c0604101 7 11
1470c0604101 7 14
c30c0608081 6 6
c70c0610081 7 10
c70c0a08081 7 13
c7140608081 7 6
cb0c0608081 7 11
1470c0608081 7 14
c30c0a04081 5 4
c31c0a04082 6 13
c31c0a04101 6 13
c31c0a08081 6 13
c31c1204081 4 16
c32c0a04081 6 13
c51c0a04081 2 4
1431c0a04081 2 12
c3140604081 4 6
c3140e08081 6 6
c3141604081 4 16
c3240e04081 3 7
c5140e04081 6 6
143140e04081 6 14
c50c0604081 5 4
c51c0604082 6 5
c51c0604101 6 5
c51c0608081 6 5
c52c0604081 1 5
c91c0604081 5 8
1451c0604081 6 9
1430c0604081 6 11
1470c0a04081 7 15
147140604081 7 14
14b0c0604081 7 14
2470c0604081 6 11
c5020604081 4 3
c5020e08081 5 16
c5060e10081 7 16
c5061608081 7 16
c50a0e08081 7 16
c9060e08081 7 16
145060e08081 3 16
c5021604081 3 14
c502160c082 5 15
c502160c101 5 15
c5021614081 7 14
c502260c081 5 15
c504160c081 5 15
c902160c081 5 15
14502160c081 3 14
c5040e04081 5 3
c50c0e08081 3 5
c50c1604081 4 16
c90c0e04081 5 3
1450c0e04081 3 9
c9020e04081 5 4
c9060e04082 7 16
c9060e04101 7 16
c9061604081 7 16
c90a0e04081 7 16
d1060e04081 7 16
149060e04081 1 4
145020e04081 6 5
14d020e08081 3 6
14d021604081 4 5
14d040e04081 5 6
155020e04081 7 5
24d020e04081 7 5
143020604081 4 5
143020e08081 3 7
143020e18082 5 16
143020e18101 5 16
143020e28081 5 16
143021618081 5 16
143040e18081 5 7
243020e18081 5 16
143021604081 4 6
143023604101 1 6
143025604081 1 11
143043604081 5 16
145023604081 1 11
243023604081 1 11
143040e04081 5 7
1430c0e08081 6 7
1430c1604081 4 16
2430c0e04081 5 8
243020e04081 7 5
643020e04082 6 13
643020e04101 6 13
643020e08081 5 15
643021604081 6 13
643040e04081 5 6
645020e04081 6 5
a43020e04081 1 6
45010604081 4 5
45011604081 3 9
4501160c101 3 9
4501161c201 6 13
4501162c101 3 9
4501261c101 6 13
4502161c101 5 16
4901161c101 4 11
8501161c101 6 14
45011614081 2 16
45011614182 5 16
45011614281 1 16
45011624181 1 16
45012614181 1 16
45021614181 1 16
49011614181 1 16
85011614181 1 16
4501260c081 2 16
4501260c182 5 16
4501260c281 1 16
4501460c181 1 16
4502260c181 1 16
4901260c181 1 16
8501260c181 1 16
4502160c081 7 14
4901160c081 2 16
4901160c281 1 16
4902160c181 1 16
5101160c181 1 16
8901160c181 1 16
8501160c081 2 16
8501160c281 1 16
8502160c181 1 16
10501160c181 1 16
45020e04081 6 6
4d020e04082 1 6
4d020e0408a 1 6
4d021604086 1 6
4d040e04086 5 11
55020e04086 4 8
8d020e04086 3 14
4d021604081 4 6
4d023604082 1 6
4d023608081 7 14
4d025604081 1 12
4d043604081 5 15
55023604081 1 12
8d023604081 3 14
4d040e04081 5 6
4d0c0e04082 3 16
4d0c0e04101 3 16
4d0c0e08081 3 6
4d0c1604081 3 16
4d140e04081 3 16
550c0e04081 3 16
8d0c0e04081 3 16
55020e04081 6 6
75020e04082 1 6
75020e04101 2 6
75021604081 4 6
75040e04081 5 6
b5020e04081 3 14
8d020e04081 3 15
8d020e0c082 7 15
8d020e14081 7 15
8d02160c081 7 15
8d040e0c081 5 16
95020e0c081 7 15
10d020e0c081 3 15
49010e04081 1 5
49010e04085 1 5
49010e04095 2 5
49010e0410d 1 5
49010e0808d 1 5
4901160408d 4 8
49020e0408d 5 7
51010e0408d 6 5
89010e0408d 1 5
49010e04103 1 5
49010e0410b 2 6
49010e04207 1 5
49010e08107 1 11
49011604107 4 5
49020e04107 1 8
51010e04107 6 5
89010e04107 1 9
49010e08083 4 5
49011e08085 4 16
49011e08103 4 16
49011e10083 4 16
49012e08083 1 5
49021e08083 4 16
51011e08083 4 16
89011e08083 4 16
49011604083 4 6
49013604085 7 11
49013604103 7 9
49013608083 7 11
49015604083 7 11
49023604083 2 13
51013604083 6 6
89013604083 2 6
49020e04083 2 11
49020e04185 3 16
49020e04283 3 16
49020e08183 3 11
49021604183 3 16
49040e04183 3 16
51020e04183 3 16
89020e04183 3 16
51010e04083 6 5
71010e04085 1 5
71010e04103 1 5
71010e08083 4 5
71011604083 4 6
71020e04083 2 10
b1010e04083 4 7
89010e04083 4 7
89011e04085 4 16
89011e04103 4 16
89012e04083 1 7
89021e04083 4 16
91011e04083 4 16
109011e04083 4 16
85010e04081 3 13
85010e0c101 6 13
85010e14081 2 16
85010e14281 1 16
85010e24181 1 16
85020e14181 1 16
89010e14181 1 16
105010e14181 1 16
85020e0c081 5 16
85060e0c082 7 16
85060e0c101 7 16
85060e14081 7 16
8506160c081 7 16
850a0e0c081 7 16
89060e0c081 7 16
105060e0c081 3 16
89010e0c081 2 16
89010e0c281 1 16
89020e0c181 1 16
91010e0c181 1 16
109010e0c181 1 16
105010e0c081 2 16
105010e0c281 1 16
105020e0c181 1 16
205010e0c181 1 16
83010604081 1 3
83010604085 1 4
83010604095 3 4
8301060c0a5 2 16
8301060c115 6 4
83010614095 2 16
83010a0c095 2 16
8302060c095 2 16
8501060c095 2 16
10301060c095 2 16
8301060410d 6 4
87010604115 6 5
8701060420d 6 5
8701060810d 6 5
87010a0410d 6 4
8702060410d 6 7
8b01060410d 2 4
10701060410d 6 6
8301060808d 3 4
83010618095 3 4
8301061810d 6 5
8301062808d 1 4
83010a1808d 4 4
8302061808d 5 7
8501061808d 4 5
10301061808d 6 5
83010a0408d 4 4
83011a04095 4 4
83011a0410d 2 4
83011a0808d 3 4
83012a0408d 2 4
83021a0408d 7 4
85011a0408d 6 4
103011a0408d 7 4
8302060408d 3 8
8302060c10d 4 8
8302061408d 2 16
83020a0c08d 2 16
8304060c08d 2 16
8502060c08d 2 16
10302060c08d 2 16
8501060408d 3 5
8501060c10d 4 5
8501061408d 2 16
85010a0c08d 2 16
8901060c08d 2 16
10501060c08d 2 16
10301060408d 7 4
303010604095 6 4
30301060410d 6 4
30301060808d 3 4
303010a0408d 4 4
30302060408d 6 7
30501060408d 4 5
50301060408d 1 4
83010604103 6 4
87010604105 6 5
8f010604109 6 16
8f010604205 6 16
8f010608105 6 16
8f010a04105 6 16
8f020604105 6 16
97010604105 4 5
10f010604105 6 16
87010604203 6 5
8f010604403 6 16
8f010608203 6 16
8f010a04203 6 16
8f020604203 6 16
97010604203 4 5
10f010604203 6 16
87010608103 1 4
8701060810b 6 6
87010608207 6 4
87010610107 1 5
87010a08107 1 4
87020608107 1 11
8b010608107 4 4
107010608107 6 6
87010a04103 6 4
8f010a08103 6 16
8f011204103 6 16
8f020a04103 6 16
97010a04103 2 4
10f010a04103 6 16
87020604103 6 6
8f020608103 6 16
8f040604103 6 16
97020604103 4 6
10f020604103 6 16
8b010604103 2 4
8b010604305 2 5
8b010604503 4 5
8b010608303 4 5
8b010a04303 3 4
8b020604303 4 6
93010604303 4 5
10b010604303 7 5
107010604103 6 6
10f010608103 6 16
117010604103 4 6
20f010604103 6 16
83010608083 6 3
87010608085 1 3
87010608095 1 3
8701061008d 6 4
87010a0808d 6 5
8702060808d 6 9
8b01060808d 1 3
10701060808d 6 5
87010610083 6 4
8f010610085 6 16
8f010610103 6 16
8f010620083 6 16
8f010a10083 6 16
8f020610083 6 16
97010610083 3 4
10f010610083 6 16
87010a08083 6 4
8f010a08085 6 16
8f011208083 6 16
8f020a08083 6 16
97010a08083 4 4
10f010a08083 6 16
87020608083 6 10
8f020608085 6 16
8f040608083 6 16
97020608083 5 10
10f020608083 6 16
8b010608083 3 3
8b010618085 1 3
8b010618103 4 5
8b010628083 4 3
8b010a18083 4 3
8b020618083 4 12
93010618083 1 4
10b010618083 1 3
107010608083 6 4
10f010608085 6 16
117010608083 7 4
20f010608083 6 16
83010a04083 4 3
83011a04085 1 4
83011a04103 6 3
87011a04105 6 4
87011a04203 1 3
87011a08103 1 4
87012a04103 1 3
87021a04103 1 4
8b011a04103 2 4
107011a04103 7 4
83011a08083 6 4
87011a08085 6 5
87011a10083 6 5
87012a08083 6 4
87021a08083 6 9
8b011a08083 4 4
107011a08083 7 8
83012a04083 6 3
87012a04085 7 3
87014a04083 1 3
87022a04083 6 9
8b012a04083 3 3
107012a04083 7 10
83021a04083 1 4
83021a0408b 6 5
83021a04107 6 4
83021a08087 1 4
83022a04087 1 4
83041a04087 1 4
85021a04087 4 4
103021a04087 7 4
85011a04083 6 3
8d011a04085 1 4
8d011a04103 2 3
8d011a08083 4 4
8d012a04083 2 3
8d021a04083 4 4
95011a04083 4 4
10d011a04083 1 4
103011a04083 1 4
103011a0408b 7 4
103011a04107 1 4
103011a08087 1 4
103012a04087 1 4
105011a04087 1 4
203011a04087 7 4
83020604083 4 7
83020e04085 2 15
83020e04189 3 16
83020e04285 3 16
83020e08185 5 15
83021604185 3 16
83040e04185 3 16
85020e04185 3 16
103020e04185 3 16
83020e04103 5 12
83060e04105 7 16
83060e04203 7 16
83060e08103 7 16
83061604103 7 16
830a0e04103 7 16
85060e04103 7 16
103060e04103 3 12
83020e08083 5 16
83060e08085 7 16
83060e10083 7 16
83061608083 7 16
830a0e08083 7 16
85060e08083 7 16
103060e08083 3 16
83021604083 2 15
83021604283 3 16
83021608183 5 15
83022604183 3 16
83041604183 3 16
85021604183 3 16
103021604183 3 16
83040e04083 6 7
87040e04085 6 14
87040e04103 6 10
87040e08083 4 7
87041604083 6 14
87080e04083 5 9
8b040e04083 4 7
107040e04083 6 14
85020e04083 2 15
85020e04283 3 16
85020e08183 5 15
85040e04183 3 16
105020e04183 3 16
103020e04083 2 12
103020e04283 3 16
103020e08183 3 12
103040e04183 3 16
203020e04183 3 16
85010604083 3 5
8501060c085 2 17
8501060c103 4 5
85010e0c105 6 12
85010e0c203 6 11
85010e14103 7 9
8501160c103 6 12
85020e0c103 5 15
89010e0c103 4 5
105010e0c103 3 10
85010614083 2 17
85010a0c083 2 17
8502060c083 2 17
8901060c083 2 17
10501060c083 2 17
103010604083 6 4
107010604085 6 7
10f010604089 6 16
10f010a04085 6 16
10f020604085 6 16
117010604085 4 7
20f010604085 6 16
107010a04083 6 4
10f011204083 6 16
10f020a04083 6 16
117010a04083 2 4
20f010a04083 6 16
107020604083 7 8
307020604085 5 13
307020604103 7 12
307020608083 5 13
307020a04083 7 11
307040604083 6 13
30b020604083 5 13
507020604083 6 8
10b010604083 2 4
10b010604185 3 16
10b010604283 3 16
10b010608183 2 4
10b010a04183 3 16
10b020604183 3 16
113010604183 3 16
20b010604183 3 16
207010604083 7 4
607010604085 6 12
607010604103 6 12
607010608083 6 7
607010a04083 1 4
607020604083 5 16
60b010604083 2 5
a07010604083 6 12
80810604081 4 4
80810e04101 4 6
80811e04102 4 18
80811e04201 4 18
80811e08101 4 18
80812e04101 5 6
80832e04102 5 13
80872e04104 6 14
80872e04202 6 14
80872e08102 2 13
80874e04102 6 14
808b2e04102 3 14
100872e04102 6 14
80832e04201 6 12
81832e04202 3 16
81832e04401 3 16
81832e08201 5 12
81834e04201 3 16
81852e04201 3 16
82832e04201 3 16
101832e04201 3 16
80832e08101 5 10
80872e08201 6 12
80872e10101 5 13
80874e08101 2 13
808b2e08101 3 10
81072e08101 6 15
100872e08101 2 13
80834e04101 5 13
80874e04201 6 14
80878e04101 6 14
808b4e04101 3 14
81074e04101 7 13
100874e04101 6 14
80852e04101 3 6
80852e0c102 6 16
80852e0c201 6 16
80852e14101 6 16
80854e0c101 6 16
80892e0c101 6 16
81052e0c101 5 6
100852e0c101 6 16
81032e04101 5 6
81072e04201 7 13
810b2e04101 6 6
82072e04101 5 13
101072e04101 5 12
100832e04101 3 11
100832e0c102 6 16
100832e0c201 6 16
100832e14101 6 16
100834e0c101 6 16
101032e0c101 3 11
200832e0c101 6 16
80821e04101 4 18
81011e04101 4 18
100811e04101 4 18
80810e08081 4 5
80811e10081 4 18
80812e08081 7 5
180812e08082 7 5
380812e08084 7 5
380812e08102 7 5
380812e10082 7 7
380814e08082 1 8
380822e08082 5 9
381012e08082 7 6
580812e08082 7 6
180812e08101 2 6
180812e08302 3 12
180812e08501 2 6
180812e10301 3 6
180814e08301 7 8
180822e08301 5 12
181012e08301 7 8
280812e08301 7 6
180812e10081 3 6
180812e30082 3 9
180812e30101 3 11
180812e50081 5 6
180814e30081 3 9
180822e30081 5 13
181012e30081 6 10
280812e30081 3 10
180814e08081 7 6
380814e08101 2 8
380814e10081 7 7
380818e08081 6 8
380824e08081 5 8
381014e08081 2 8
580814e08081 6 6
180822e08081 5 9
180862e08082 5 13
180862e08101 5 13
180862e10081 3 13
180864e08081 5 13
1808a2e08081 3 9
181062e08081 6 16
280862e08081 5 13
181012e08081 7 5
381012e08101 2 8
381012e10081 7 10
381022e08081 7 14
382012e08081 7 13
581012e08081 7 5
280812e08081 7 5
680812e08082 7 7
680812e08101 7 6
680812e10081 3 9
680814e08081 7 7
680822e08081 5 8
681012e08081 7 6
a80812e08081 7 5
80821e08081 4 18
81011e08081 4 18
100811e08081 4 18
80811604081 4 4
80813604101 6 4
80813608081 4 4
80817608101 2 5
80817608302 3 8
80817608501 2 6
80817610301 3 5
8081b608301 7 6
80827608301 1 14
81017608301 7 6
100817608301 1 6
80817610081 3 4
80817630082 3 6
80817630101 3 6
80817650081 3 4
8081b630081 3 6
80827630081 3 6
81017630081 3 6
100817630081 3 6
8081b608081 7 4
18081b608082 1 5
18081b608101 2 6
18081b610081 3 4
18082b608081 5 7
18101b608081 7 4
28081b608081 7 4
80827608081 5 6
80867608101 3 8
80867610081 7 6
8086b608081 3 8
808a7608081 3 7
81067608081 6 15
100867608081 3 7
81017608081 7 4
181017608082 3 5
181017608101 2 6
181017610081 3 4
181027608081 5 8
182017608081 6 4
281017608081 7 4
100817608081 7 4
300817608082 3 5
300817608101 2 5
300817610081 3 4
30081b608081 7 4
300827608081 5 6
301017608081 7 4
500817608081 1 4
80815604081 3 4
8081560c082 5 16
8081560c101 6 4
8181560c201 5 16
81815614101 5 16
8181960c101 5 16
8182560c101 3 4
8281560c101 5 16
10181560c101 5 16
80815614081 2 16
80815614182 5 16
80815614281 1 16
80815624181 1 16
80819614181 1 16
80825614181 1 16
81015614181 1 16
100815614181 1 16
8081960c081 2 16
8081960c182 5 16
8081960c281 1 16
8082960c181 1 16
8101960c181 1 16
10081960c181 1 16
8082560c081 1 14
8082560c085 2 16
8082560c103 2 14
80825614083 2 16
8082960c083 2 16
8084560c083 2 16
8102560c083 2 16
10082560c083 2 16
8101560c081 2 16
8101560c182 5 16
8101560c281 1 16
8102560c181 1 16
8201560c181 1 16
10101560c181 1 16
10081560c081 2 16
10081560c182 5 16
10081560c281 1 16
10082560c181 1 16
20081560c181 1 16
80823604081 2 4
80823604182 5 5
80863604184 7 6
80863604282 4 5
80863608182 3 7
80865604182 2 5
808a3604182 7 6
100863604182 5 5
80823604281 4 4
80827604282 5 5
80827604481 3 4
80827608281 5 5
8082b604281 1 5
80847604281 2 4
81027604281 3 6
100827604281 1 4
80823608181 5 5
80863608281 4 5
80863610181 3 5
80865608181 2 6
808a3608181 2 9
81063608181 6 15
100863608181 7 6
80825604181 1 14
80825604185 3 16
80825604283 3 16
80825608183 2 14
80829604183 3 16
80845604183 3 16
81025604183 3 16
100825604183 3 16
80843604181 2 4
80843604581 1 14
80843608381 6 4
80845604381 1 14
80883604381 5 5
81043604381 1 14
100843604381 1 14
81023604181 1 14
81023604185 3 16
81023604283 3 16
81023608183 2 14
81043604183 3 16
82023604183 3 16
101023604183 3 16
100823604181 1 13
100823604185 3 16
100823604283 3 16
100823608183 2 13
100843604183 3 16
200823604183 3 16
81013604081 2 4
81013604182 3 5
8101360c184 5 16
8101360c282 5 16
81013614182 5 16
8102360c182 5 5
8201360c182 5 16
10101360c182 5 16
81013604281 3 16
8101360c481 1 16
81013614281 1 16
8102360c281 1 16
8201360c281 1 16
10101360c281 1 16
81013608181 2 4
81013608382 3 4
81013608581 2 6
81013610381 3 5
81015608381 1 6
81023608381 1 14
82013608381 1 6
101013608381 1 6
81015604181 3 16
82013604181 3 16
82013614181 1 16
8202360c181 1 16
8401360c181 1 16
10201360c181 1 16
101013604181 3 16
101013614181 1 16
10102360c181 1 16
20101360c181 1 16
100813604081 3 6
10081360c082 5 16
10083360c102 6 16
100833614082 6 16
10085360c082 6 16
10103360c082 2 16
20083360c082 6 16
10081360c101 3 6
10081361c102 6 14
10081361c201 3 6
10081362c101 6 14
10081561c101 6 14
10082361c101 2 14
10101361c101 3 14
20081361c101 7 13
100813614081 2 16
100813614182 5 16
100813614281 1 16
100813624181 1 16
100823614181 1 16
200813614181 1 16
10082360c081 1 13
10082360c085 2 16
10082360c103 2 13
100823614083 2 16
10084360c083 2 16
10102360c083 2 16
20082360c083 2 16
10101360c081 2 16
20081360c081 7 13
60081360c082 5 15
60081360c101 3 13
600813614081 2 15
60081560c081 2 15
60082360c081 1 13
60101360c081 2 15
a0081360c081 2 15
80820e04081 4 5
80822e04081 7 5
180822e04082 7 5
380822e04084 7 10
380822e04102 3 10
380824e04082 7 10
380842e04082 5 5
381022e04082 7 14
580822e04082 7 5
180822e04101 1 5
180822e04105 5 6
180822e04203 2 6
180822e08103 5 10
180824e04103 7 6
180842e04103 5 5
181022e04103 5 11
280822e04103 7 5
180824e04081 7 6
380824e04101 7 10
380828e04081 3 12
380844e04081 5 7
381024e04081 7 14
580824e04081 1 6
180842e04081 5 5
1808c2e04082 3 9
1808c2e04101 3 8
1808c2e08081 3 5
1808c4e04081 3 11
180942e04081 7 5
1810c2e04081 3 12
2808c2e04081 5 7
181022e04081 5 12
181062e04082 6 16
181062e04101 6 16
181064e04081 6 16
1810a2e04081 6 16
182062e04081 5 12
281062e04081 6 16
280822e04081 7 5
680822e04082 7 6
680822e04101 7 5
680824e04081 7 5
680842e04081 5 5
681022e04081 5 15
a80822e04081 1 5
80841e04081 4 18
81021e04081 4 18
100821e04081 4 18
81010e04081 3 7
81010e0c101 4 7
81011e0c102 4 17
81011e0c201 4 17
81011e14101 4 17
81012e0c101 3 7
81012e1c201 3 12
81012e2c101 2 7
81014e1c101 3 12
81022e1c101 5 15
82012e1c101 3 12
101012e1c101 3 11
81021e0c101 4 17
82011e0c101 4 17
101011e0c101 4 17
81010e14081 2 17
81010e14182 5 17
81010e14281 1 17
81010e24181 1 17
81011614181 1 17
81020e14181 1 17
82010e14181 1 17
101010e14181 1 17
8101160c081 2 17
8101160c182 5 17
8101160c281 1 17
8101260c181 1 17
8102160c181 1 17
8201160c181 1 17
10101160c181 1 17
81020e0c081 3 13
81020e1c101 5 16
81060e1c102 6 16
81060e1c201 6 16
81060e2c101 6 16
8106161c101 6 16
810a0e1c101 6 16
82060e1c101 2 16
101060e1c101 6 16
81020e2c081 1 15
81020e2c085 2 16
81020e2c103 2 15
81020e4c083 2 16
8102162c083 2 16
81040e2c083 2 16
82020e2c083 2 16
101020e2c083 2 16
8102161c081 1 15
8102161c085 2 16
8102161c103 2 15
8102261c083 2 16
8104161c083 2 16
8202161c083 2 16
10102161c083 2 16
81040e1c081 3 13
81040e3c082 3 16
81040e3c101 3 16
81040e5c081 4 13
8104163c081 3 16
81080e3c081 3 16
82040e3c081 3 16
101040e3c081 3 16
82020e1c081 1 15
82020e1c085 2 16
82020e1c103 2 15
82040e1c083 2 16
84020e1c083 2 16
102020e1c083 2 16
101020e1c081 1 15
101020e1c085 2 16
101020e1c103 2 15
101040e1c083 2 16
201020e1c083 2 16
82010e0c081 2 17
82010e0c182 5 17
82010e0c281 1 17
84010e0c181 1 17
102010e0c181 1 17
101010e0c081 2 17
101010e0c182 5 17
101010e0c281 1 17
101020e0c181 1 17
201010e0c181 1 17
100810e04081 3 11
100810e0c101 6 12
100810e14081 2 17
100810e14182 5 17
100810e14281 1 17
100810e24181 1 17
100811614181 1 17
100820e14181 1 17
200810e14181 1 17
10081160c081 2 17
10081160c182 5 17
10081160c281 1 17
10081260c181 1 17
10082160c181 1 17
20081160c181 1 17
100820e0c081 1 11
100820e0c085 2 17
100820e0c103 3 11
100820e1c105 2 12
100820e1c203 3 11
100820e2c103 2 15
10082161c103 2 15
100840e1c103 1 12
200820e1c103 7 11
100820e14083 2 17
10082160c083 2 17
100840e0c083 2 17
101020e0c083 2 17
200820e0c083 2 17
200810e0c081 7 12
600810e0c082 5 16
600830e0c084 6 16
600830e0c102 6 16
600830e14082 6 16
60083160c082 6 16
600850e0c082 6 16
601030e0c082 2 16
a00830e0c082 6 16
600810e0c101 5 13
600830e0c201 6 16
600830e14101 6 16
60083160c101 6 16
600850e0c101 6 16
601030e0c101 5 13
a00830e0c101 6 16
600810e14081 2 16
600810e14182 5 16
600810e14281 1 16
600810e24181 1 16
600811614181 1 16
600820e14181 1 16
601010e14181 1 16
a00810e14181 1 16
60081160c081 2 16
60081160c182 5 16
60081160c281 1 16
60081260c181 1 16
60082160c181 1 16
60101160c181 1 16
a0081160c181 1 16
600820e0c081 5 12
600860e0c082 3 14
600860e0c101 3 14
600860e14081 5 12
60086160c081 3 14
6008a0e0c081 3 14
601060e0c081 6 15
a00860e0c081 3 14
601010e0c081 2 16
601010e0c182 5 16
601010e0c281 1 16
601020e0c181 1 16
602010e0c181 1 16
a01010e0c181 1 16
a00810e0c081 2 16
a00810e0c182 5 16
a00810e0c281 1 16
a00820e0c181 1 16
1200810e0c181 1 16
